date,time,rank,code,score,price,mfe,sustain,inflow_pct,mass_potential,velocity,kinetic_energy,friction,purity,ratio_stock,change_pct
20260313,09:30:00,1,000420.SZ,280.5,5.24,0.48867272208970797,215.77867116746935,2.038206536259542,0.020382065362595417,84.16991547152529,1.7155567187047596,0.28056585887484914,0.4285714285714304,7.0,4.382470119521926
20260313,09:30:00,2,300981.SZ,9.4,13.58,28.783962647674855,10.486803014873207,0.03172745949926362,0.00031727459499263625,37.54671393208362,0.011912618456106203,0.2642248609081333,0.4117647058823548,6.999997096081692,3.3485540334855366
20260313,09:31:00,1,300981.SZ,497.12,14.74,85.96137683144764,42.05553190025674,0.1155345251017639,0.001155345251017639,1805.4017217530857,2.0858623054064966,0.794423440453686,0.8913043478260868,7.0,12.176560121765597
20260313,09:31:00,2,000420.SZ,0.0,5.08,0.0,0.0,5.590274350393701,0.0,0.0,0.0,0.0,0.0,7.0,0.0
20260313,09:32:00,1,300981.SZ,2048.16,15.18,54.55541225401874,47.8337614348579,0.25388566534914364,0.0025388566534914362,3742.0053717541955,9.500415235478835,0.7186219691308712,0.8477157360406088,7.0,15.525114155251135
20260313,09:32:00,2,000420.SZ,0.0,5.11,0.0,0.0,7.1067509099804305,0.0,0.0,0.0,0.0,0.0,7.0,0.0
20260313,09:33:00,1,300981.SZ,2249.34,15.12,41.51952710219577,41.01940481197046,0.3280992724867725,0.0032809927248677252,3421.4443070611223,11.225733880007638,0.6679120822489619,0.8172588832487304,7.0,15.068493150684919
20260313,09:33:00,2,000420.SZ,0.0,5.11,0.0,0.0,8.2347957925636,0.0,0.0,0.0,0.0,0.0,7.0,0.0
20260313,09:34:00,1,300981.SZ,5531.4,15.38,34.84843189529889,40.32023339768447,0.42148168075422626,0.004214816807542263,4954.022324490475,20.88029655820204,0.8830332567359418,0.939698492462312,7.0,17.047184170471844
20260313,09:34:00,2,000420.SZ,0.0,5.12,0.0,0.0,9.067940605468749,0.0,0.0,0.0,0.0,0.0,7.0,0.0
20260313,09:35:00,1,300981.SZ,5385.26,15.32,30.43035910630128,36.198575972080086,0.4751723466057441,0.004751723466057441,4566.499192031597,21.698741368508884,0.8272770889624003,0.9095477386934675,7.0,16.59056316590563
20260313,09:35:00,2,000420.SZ,0.0,5.05,0.0,0.0,9.88691110891089,0.0,0.0,0.0,0.0,0.0,7.0,0.0
20260313,09:36:00,1,300981.SZ,5364.14,15.28,27.345090459306192,33.1137538510334,0.5232185340314136,0.005232185340314136,4319.71629183899,22.601556256476105,0.7911163859498493,0.8894472361809043,7.0,16.28614916286148
20260313,09:36:00,2,000420.SZ,0.0,5.07,0.0,0.0,10.398961518737673,0.0,0.0,0.0,0.0,0.0,7.0,0.0
20260313,09:37:00,1,300981.SZ,3364.34,15.08,24.19681085024102,29.903491216985966,0.5598433289124669,0.005598433289124669,3218.244932807723,18.01712956438754,0.6224337769248253,0.7889447236180905,7.0,14.764079147640787
20260313,09:37:00,2,000420.SZ,0.0,5.01,0.0,0.0,11.206152734530939,0.0,0.0,0.0,0.0,0.0,7.0,0.0
20260313,09:38:00,1,300981.SZ,0.0,14.85,0.0,0.0,0.5958220606060607,0.0,0.0,0.0,0.0,0.0,7.0,0.0
20260313,09:38:00,2,000420.SZ,0.0,4.99,0.0,0.0,11.659564048096192,0.0,0.0,0.0,0.0,0.0,7.0,0.0
20260313,09:39:00,1,300981.SZ,0.0,14.93,0.0,0.0,0.6291453482920295,0.0,0.0,0.0,0.0,0.0,7.0,0.0
20260313,09:39:00,2,000420.SZ,0.0,5.02,0.0,0.0,12.408830119521912,0.0,0.0,0.0,0.0,0.0,7.0,0.0
20260313,09:40:00,1,300981.SZ,0.0,14.9,0.0,0.0,0.6538781476510067,0.0,0.0,0.0,0.0,0.0,6.999999999999998,0.0
20260313,09:40:00,2,000420.SZ,0.0,5.06,0.0,0.0,12.594809031620555,0.0,0.0,0.0,0.0,0.0,7.0,0.0
20260313,09:41:00,1,300981.SZ,7983.030000000001,15.33,21.097754468453374,23.812989252613082,0.6871687181996087,0.006871687181996087,4629.629629629628,31.813366583315204,0.8364435241534306,0.9145728643216081,6.999999999999998,16.666666666666664
20260313,09:41:00,2,000420.SZ,0.0,5.03,0.0,0.0,12.9986339860835,0.0,0.0,0.0,0.0,0.0,7.0,0.0
20260313,09:42:00,1,300981.SZ,4337.71,15.08,18.767101727220123,22.490525880493465,0.7218175364721485,0.007218175364721485,3218.244932807723,23.22985629163246,0.6224337769248253,0.7889447236180905,6.999999999999985,14.764079147640787
20260313,09:42:00,2,000420.SZ,0.0,5.03,0.0,0.0,13.274751003976142,0.0,0.0,0.0,0.0,0.0,7.0,0.0
20260313,09:43:00,1,300981.SZ,12154.630000000001,15.45,19.058730497421994,23.21937134677219,0.7846450161812297,0.007846450161812298,5433.126839453547,42.63075896857702,0.9503800409080573,0.9748743718592962,6.999999999999995,17.57990867579908
20260313,09:43:00,2,000420.SZ,0.0,5.02,0.0,0.0,13.522828605577688,0.0,0.0,0.0,0.0,0.0,7.0,0.0
20260313,09:44:00,1,300981.SZ,10253.82,15.36,17.817692657347123,22.380352034756722,0.8200765625,0.008200765625,4822.506566646274,39.54824607808954,0.8642458523774647,0.9296482412060298,6.99999999999998,16.89497716894976
20260313,09:44:00,2,000420.SZ,0.0,5.04,0.0,0.0,13.742423323412698,0.0,0.0,0.0,0.0,0.0,7.0,0.0
20260313,09:45:00,1,300981.SZ,10439.68,15.36,17.50048977124465,21.26693729007316,0.8349407552083333,0.008349407552083334,4822.506566646274,40.26507274752787,0.8642458523774647,0.9296482412060298,6.999999999999876,16.89497716894976
20260313,09:45:00,2,000420.SZ,0.0,5.11,0.0,0.0,13.977836908023484,0.0,0.0,0.0,0.0,0.0,7.0,0.0
20260313,09:46:00,1,300981.SZ,10960.58,15.36,16.668783415979625,20.9325687511914,0.87660099609375,0.0087660099609375,4822.506566646274,42.27414059990774,0.8642458523774647,0.9296482412060298,6.999999999999787,16.89497716894976
20260313,09:46:00,2,000420.SZ,0.0,5.08,0.0,0.0,14.567598700787402,0.0,0.0,0.0,0.0,0.0,7.0,0.0
20260313,09:47:00,1,300981.SZ,10547.189999999999,15.34,16.40969554351816,19.877622685450735,0.8858036766623207,0.008858036766623207,4693.339241510464,41.57377155953516,0.8456604631196182,0.9195979899497487,6.999999999998845,16.742770167427697
20260313,09:47:00,2,000420.SZ,0.0,5.05,0.0,0.0,14.84245618811881,0.0,0.0,0.0,0.0,0.0,7.0,0.0
20260313,09:48:00,1,300981.SZ,6271.85,15.13,15.125327454262552,18.938574962003948,0.9081907105089227,0.009081907105089227,3473.546631602946,31.54642783341355,0.6627105376126873,0.8140703517587944,6.9999999999951426,15.14459665144597
20260313,09:48:00,2,000420.SZ,0.0,5.06,0.0,0.0,15.016836126482215,0.0,0.0,0.0,0.0,0.0,7.0,0.0
20260313,09:49:00,1,300981.SZ,0.0,15.01,0.0,0.0,0.9230258227848102,0.0,0.0,0.0,0.0,0.0,6.999999999980926,0.0
20260313,09:49:00,2,000420.SZ,0.0,5.05,0.0,0.0,15.242771722772277,0.0,0.0,0.0,0.0,0.0,7.0,0.0
20260313,09:50:00,1,300981.SZ,0.0,15.0,0.0,0.0,0.9339875766666667,0.0,0.0,0.0,0.0,0.0,6.999999999939883,0.0
20260313,09:50:00,2,000420.SZ,0.0,5.04,0.0,0.0,15.39483246031746,0.0,0.0,0.0,0.0,0.0,7.0,0.0
20260313,09:51:00,1,300981.SZ,5175.18,15.05,14.321696784180482,16.659909954617675,0.9378964019933554,0.009378964019933555,3071.2417725472187,28.805066081237317,0.5988737658139951,0.7738693467336687,6.999999999813289,14.535768645357686
20260313,09:51:00,2,000420.SZ,0.0,5.04,0.0,0.0,15.550225694444444,0.0,0.0,0.0,0.0,0.0,7.0,0.0
20260313,09:52:00,1,300981.SZ,5821.54,15.09,14.422869706959968,16.01991638108194,0.9418704572564612,0.009418704572564612,3268.2685770468524,30.782856191000427,0.630388121512083,0.7939698492462312,6.999999999469178,14.84018264840182
20260313,09:52:00,2,000420.SZ,0.0,5.04,0.0,0.0,15.652087787698413,0.0,0.0,0.0,0.0,0.0,7.0,0.0
20260313,09:53:00,1,300981.SZ,5843.93,15.09,14.36762564340513,15.382317323008662,0.945491984758118,0.00945491984758118,3268.2685770468524,30.901217436346187,0.630388121512083,0.7939698492462312,6.999999998515357,14.84018264840182
20260313,09:53:00,2,000420.SZ,0.0,5.04,0.0,0.0,15.749738115079365,0.0,0.0,0.0,0.0,0.0,7.0,0.0
20260313,09:54:00,1,300981.SZ,0.0,14.98,0.0,0.0,0.9586781842456609,0.0,0.0,0.0,0.0,0.0,6.999999996427828,0.0
20260313,09:54:00,2,000420.SZ,0.0,5.03,0.0,0.0,15.912841491053678,0.0,0.0,0.0,0.0,0.0,7.0,0.0
20260313,09:55:00,1,300981.SZ,0.0,14.94,0.0,0.0,0.9669356392235608,0.0,0.0,0.0,0.0,0.0,6.999999991878272,0.0
20260313,09:55:00,2,000420.SZ,0.0,5.03,0.0,0.0,16.017918260437376,0.0,0.0,0.0,0.0,0.0,7.0,0.0
20260313,09:56:00,1,300981.SZ,0.0,14.93,0.0,0.0,0.9781601071667784,0.0,0.0,0.0,0.0,0.0,6.999999984503917,0.0
20260313,09:56:00,2,000420.SZ,0.0,5.04,0.0,0.0,16.2255416765873,0.0,0.0,0.0,0.0,0.0,7.0,0.0
20260313,09:57:00,1,300981.SZ,0.0,14.92,0.0,0.0,0.987190810991957,0.0,0.0,0.0,0.0,0.0,6.999999970405181,0.0
20260313,09:57:00,2,000420.SZ,0.0,5.05,0.0,0.0,16.267581782178215,0.0,0.0,0.0,0.0,0.0,7.0,0.0
20260313,09:58:00,1,300981.SZ,0.0,14.95,0.0,0.0,0.9920957458193981,0.0,0.0,0.0,0.0,0.0,6.9999999443076995,0.0
20260313,09:58:00,2,000420.SZ,0.0,5.05,0.0,0.0,16.363573762376237,0.0,0.0,0.0,0.0,0.0,7.0,0.0
20260313,09:59:00,1,300981.SZ,0.0,15.03,0.0,0.0,0.9906071856287425,0.0,0.0,0.0,0.0,0.0,6.999999893103534,0.0
20260313,09:59:00,2,000420.SZ,0.0,5.04,0.0,0.0,16.506595406746033,0.0,0.0,0.0,0.0,0.0,7.0,0.0
20260313,10:00:00,1,300981.SZ,0.0,15.0,0.0,0.0,0.9948574166666666,0.0,0.0,0.0,0.0,0.0,6.999999797442431,0.0
20260313,10:00:00,2,000420.SZ,0.0,5.04,0.0,0.0,16.589345496031747,0.0,0.0,0.0,0.0,0.0,7.0,0.0
20260313,10:01:00,1,300981.SZ,0.0,14.95,0.0,0.0,1.0011756755852843,0.0,0.0,0.0,0.0,0.0,6.999999636721152,0.0
20260313,10:01:00,2,000420.SZ,0.0,5.01,0.0,0.0,16.8114027245509,0.0,0.0,0.0,0.0,0.0,7.0,0.0
20260313,10:02:00,1,300981.SZ,0.0,14.94,0.0,0.0,1.0048296686746987,0.0,0.0,0.0,0.0,0.0,6.999999371724747,0.0
20260313,10:02:00,2,000420.SZ,0.0,5.0,0.0,0.0,16.996157489999998,0.0,0.0,0.0,0.0,0.0,7.0,0.0
20260313,10:03:00,1,300981.SZ,0.0,14.92,0.0,0.0,1.0109511829758713,0.0,0.0,0.0,0.0,0.0,6.9999989823275035,0.0
20260313,10:03:00,2,000420.SZ,0.0,4.97,0.0,0.0,17.348033501006036,0.0,0.0,0.0,0.0,0.0,7.0,0.0
20260313,10:04:00,1,300981.SZ,0.0,14.9,0.0,0.0,1.0166054295302014,0.0,0.0,0.0,0.0,0.0,6.999998384051814,0.0
20260313,10:04:00,2,000420.SZ,0.0,4.95,0.0,0.0,17.61036484848485,0.0,0.0,0.0,0.0,0.0,7.0,0.0
20260313,10:05:00,1,300981.SZ,0.0,14.87,0.0,0.0,1.0234293913920647,0.0,0.0,0.0,0.0,0.0,6.9999975207266445,0.0
20260313,10:05:00,2,000420.SZ,0.0,4.96,0.0,0.0,17.765453971774193,0.0,0.0,0.0,0.0,0.0,7.0,0.0
20260313,10:06:00,1,300981.SZ,0.0,14.84,0.0,0.0,1.030724477762803,0.0,0.0,0.0,0.0,0.0,6.99999631262246,0.0
20260313,10:06:00,2,000420.SZ,0.0,4.97,0.0,0.0,17.82716235412475,0.0,0.0,0.0,0.0,0.0,7.0,0.0
20260313,10:07:00,1,300981.SZ,0.0,14.91,0.0,0.0,1.0417572266934942,0.0,0.0,0.0,0.0,0.0,6.999995480431337,0.0
20260313,10:07:00,2,000420.SZ,0.0,4.98,0.0,0.0,17.851601114457832,0.0,0.0,0.0,0.0,0.0,7.0,0.0
20260313,10:08:00,1,300981.SZ,0.0,14.89,0.0,0.0,1.044910214909335,0.0,0.0,0.0,0.0,0.0,6.999993159752598,0.0
20260313,10:08:00,2,000420.SZ,0.0,4.97,0.0,0.0,18.00104010060362,0.0,0.0,0.0,0.0,0.0,7.0,0.0
20260313,10:09:00,1,300981.SZ,0.0,14.85,0.0,0.0,1.0498948013468015,0.0,0.0,0.0,0.0,0.0,6.999989928487112,0.0
20260313,10:09:00,2,000420.SZ,0.0,4.99,0.0,0.0,17.99596992985972,0.0,0.0,0.0,0.0,0.0,7.0,0.0
20260313,10:10:00,1,300981.SZ,0.0,14.82,0.0,0.0,1.0556316902834009,0.0,0.0,0.0,0.0,0.0,6.999985761431543,0.0
20260313,10:10:00,2,000420.SZ,0.0,4.98,0.0,0.0,18.098690702811247,0.0,0.0,0.0,0.0,0.0,7.0,0.0
20260313,10:11:00,1,300981.SZ,0.0,14.8,0.0,0.0,1.0626101722972974,0.0,0.0,0.0,0.0,0.0,6.999980752880585,0.0
20260313,10:11:00,2,000420.SZ,0.0,4.96,0.0,0.0,18.28301114919355,0.0,0.0,0.0,0.0,0.0,7.0,0.0
20260313,10:12:00,1,300981.SZ,0.0,14.78,0.0,0.0,1.0657521820027063,0.0,0.0,0.0,0.0,0.0,6.999972923011426,0.0
20260313,10:12:00,2,000420.SZ,0.0,4.95,0.0,0.0,18.4062032020202,0.0,0.0,0.0,0.0,0.0,7.0,0.0
20260313,10:13:00,1,300981.SZ,0.0,14.73,0.0,0.0,1.0741441446028515,0.0,0.0,0.0,0.0,0.0,6.999964049556482,0.0
20260313,10:13:00,2,000420.SZ,0.0,4.94,0.0,0.0,18.538891963562754,0.0,0.0,0.0,0.0,0.0,7.0,0.0
20260313,10:14:00,1,300981.SZ,0.0,14.67,0.0,0.0,1.085057416496251,0.0,0.0,0.0,0.0,0.0,6.999953951596298,0.0
20260313,10:14:00,2,000420.SZ,0.0,4.91,0.0,0.0,18.812358940936864,0.0,0.0,0.0,0.0,0.0,7.0,0.0
20260313,10:15:00,1,300981.SZ,0.0,14.61,0.0,0.0,1.0939660780287475,0.0,0.0,0.0,0.0,0.0,6.999940054284426,0.0
20260313,10:15:00,2,000420.SZ,0.0,4.9,0.0,0.0,19.02981929591837,0.0,0.0,0.0,0.0,0.0,7.0,0.0
20260313,10:16:00,1,300981.SZ,0.0,14.78,0.0,0.0,1.1025231292286874,0.0,0.0,0.0,0.0,0.0,6.999937785193181,0.0
20260313,10:16:00,2,000420.SZ,0.0,4.9,0.0,0.0,19.18062237755102,0.0,0.0,0.0,0.0,0.0,7.0,0.0
20260313,10:17:00,1,300981.SZ,0.0,14.8,0.0,0.0,1.1029683006756756,0.0,0.0,0.0,0.0,0.0,6.999917919271137,0.0
20260313,10:17:00,2,000420.SZ,0.0,4.9,0.0,0.0,19.314489948979592,0.0,0.0,0.0,0.0,0.0,7.0,0.0
20260313,10:18:00,1,300981.SZ,0.0,14.77,0.0,0.0,1.1065240013540962,0.0,0.0,0.0,0.0,0.0,6.999892128363597,0.0
20260313,10:18:00,2,000420.SZ,0.0,4.91,0.0,0.0,19.36574714867617,0.0,0.0,0.0,0.0,0.0,7.0,0.0
20260313,10:19:00,1,300981.SZ,0.0,14.7,0.0,0.0,1.1125849489795918,0.0,0.0,0.0,0.0,0.0,6.9998589116820735,0.0
20260313,10:19:00,2,000420.SZ,0.0,4.92,0.0,0.0,19.407916961382114,0.0,0.0,0.0,0.0,0.0,7.0,0.0
20260313,10:20:00,1,300981.SZ,0.0,14.72,0.0,0.0,1.113551066576087,0.0,0.0,0.0,0.0,0.0,6.999821028793855,0.0
20260313,10:20:00,2,000420.SZ,0.0,4.91,0.0,0.0,19.495846608961305,0.0,0.0,0.0,0.0,0.0,7.0,0.0
20260313,10:21:00,1,300981.SZ,0.0,14.73,0.0,0.0,1.1141058384249831,0.0,0.0,0.0,0.0,0.0,6.999772033430165,0.0
20260313,10:21:00,2,000420.SZ,0.0,4.91,0.0,0.0,19.59380596741344,0.0,0.0,0.0,0.0,0.0,7.0,0.0
20260313,10:22:00,1,300981.SZ,0.0,14.72,0.0,0.0,1.115738461277174,0.0,0.0,0.0,0.0,0.0,6.999710891892649,0.0
20260313,10:22:00,2,000420.SZ,0.0,4.9,0.0,0.0,19.727130234693877,0.0,0.0,0.0,0.0,0.0,7.0,0.0
20260313,10:23:00,1,300981.SZ,0.0,14.75,0.0,0.0,1.1147276508474575,0.0,0.0,0.0,0.0,0.0,6.99963817715421,0.0
20260313,10:23:00,2,000420.SZ,0.0,4.86,0.0,0.0,20.080646296296294,0.0,0.0,0.0,0.0,0.0,7.0,0.0
20260313,10:24:00,1,300981.SZ,0.0,14.74,0.0,0.0,1.1193991791044777,0.0,0.0,0.0,0.0,0.0,6.999563756668773,0.0
20260313,10:24:00,2,000420.SZ,0.0,4.89,0.0,0.0,20.082242883435583,0.0,0.0,0.0,0.0,0.0,7.0,0.0
20260313,10:25:00,1,300981.SZ,0.0,14.75,0.0,0.0,1.1203650305084747,0.0,0.0,0.0,0.0,0.0,6.999465190075264,0.0
20260313,10:25:00,2,000420.SZ,0.0,4.89,0.0,0.0,20.13085383435583,0.0,0.0,0.0,0.0,0.0,7.0,0.0
20260313,10:26:00,1,300981.SZ,0.0,14.73,0.0,0.0,1.1242065648336728,0.0,0.0,0.0,0.0,0.0,6.9993531565959675,0.0
20260313,10:26:00,2,000420.SZ,0.0,4.89,0.0,0.0,20.167626789366054,0.0,0.0,0.0,0.0,0.0,7.0,0.0
20260313,10:27:00,1,300981.SZ,0.0,14.71,0.0,0.0,1.127925101971448,0.0,0.0,0.0,0.0,0.0,6.9992217878318215,0.0
20260313,10:27:00,2,000420.SZ,0.0,4.88,0.0,0.0,20.24387005122951,0.0,0.0,0.0,0.0,0.0,7.0,0.0
20260313,10:28:00,1,300981.SZ,0.0,14.71,0.0,0.0,1.1301836029911625,0.0,0.0,0.0,0.0,0.0,6.999070337200006,0.0
20260313,10:28:00,2,000420.SZ,0.0,4.87,0.0,0.0,20.333071242299795,0.0,0.0,0.0,0.0,0.0,7.0,0.0
20260313,10:29:00,1,300981.SZ,0.0,14.7,0.0,0.0,1.1331127278911564,0.0,0.0,0.0,0.0,0.0,6.998894991350534,0.0
20260313,10:29:00,2,000420.SZ,0.0,4.88,0.0,0.0,20.362544241803278,0.0,0.0,0.0,0.0,0.0,7.0,0.0
20260313,10:30:00,1,300981.SZ,0.0,14.7,0.0,0.0,1.133742962585034,0.0,0.0,0.0,0.0,0.0,6.9986743930605195,0.0
20260313,10:30:00,2,000420.SZ,0.0,4.89,0.0,0.0,20.366205051124744,0.0,0.0,0.0,0.0,0.0,7.0,0.0
20260313,10:31:00,1,300981.SZ,0.0,14.73,0.0,0.0,1.1320731737949763,0.0,0.0,0.0,0.0,0.0,6.99841938050199,0.0
20260313,10:31:00,2,000420.SZ,0.0,4.9,0.0,0.0,20.35991493877551,0.0,0.0,0.0,0.0,0.0,7.0,0.0
20260313,10:32:00,1,300981.SZ,0.0,14.7,0.0,0.0,1.1367790204081634,0.0,0.0,0.0,0.0,0.0,6.998156911351082,0.0
20260313,10:32:00,2,000420.SZ,0.0,4.89,0.0,0.0,20.447467689161556,0.0,0.0,0.0,0.0,0.0,7.0,0.0
20260313,10:33:00,1,300981.SZ,0.0,14.67,0.0,0.0,1.1409606441717792,0.0,0.0,0.0,0.0,0.0,6.997850469692538,0.0
20260313,10:33:00,2,000420.SZ,0.0,4.87,0.0,0.0,20.611636447638602,0.0,0.0,0.0,0.0,0.0,7.0,0.0
20260313,10:34:00,1,300981.SZ,0.0,14.65,0.0,0.0,1.1430830375426622,0.0,0.0,0.0,0.0,0.0,6.9974753625767,0.0
20260313,10:34:00,2,000420.SZ,0.0,4.87,0.0,0.0,20.667941026694045,0.0,0.0,0.0,0.0,0.0,7.0,0.0
20260313,10:35:00,1,300981.SZ,0.0,14.64,0.0,0.0,1.1462367896174863,0.0,0.0,0.0,0.0,0.0,6.997097105804388,0.0
20260313,10:35:00,2,000420.SZ,0.0,4.87,0.0,0.0,20.716665266940453,0.0,0.0,0.0,0.0,0.0,7.0,0.0
20260313,10:36:00,1,300981.SZ,0.0,14.63,0.0,0.0,1.1484107416267941,0.0,0.0,0.0,0.0,0.0,6.996647161689064,0.0
20260313,10:36:00,2,000420.SZ,0.0,4.88,0.0,0.0,20.7181343852459,0.0,0.0,0.0,0.0,0.0,7.0,0.0
20260313,10:37:00,1,300981.SZ,0.0,14.62,0.0,0.0,1.1503315355677155,0.0,0.0,0.0,0.0,0.0,6.996135492944996,0.0
20260313,10:37:00,2,000420.SZ,0.0,4.88,0.0,0.0,20.769232213114755,0.0,0.0,0.0,0.0,0.0,7.0,0.0
20260313,10:38:00,1,300981.SZ,0.0,14.61,0.0,0.0,1.1539289835728952,0.0,0.0,0.0,0.0,0.0,6.995627669945062,0.0
20260313,10:38:00,2,000420.SZ,0.0,4.88,0.0,0.0,20.820515963114754,0.0,0.0,0.0,0.0,0.0,7.0,0.0
20260313,10:39:00,1,300981.SZ,0.0,14.63,0.0,0.0,1.1563247539302803,0.0,0.0,0.0,0.0,0.0,6.9951193395704925,0.0
20260313,10:39:00,2,000420.SZ,0.0,4.86,0.0,0.0,20.97831832304527,0.0,0.0,0.0,0.0,0.0,7.0,0.0
20260313,10:40:00,1,300981.SZ,0.0,14.62,0.0,0.0,1.1583807387140903,0.0,0.0,0.0,0.0,0.0,6.994444684476015,0.0
20260313,10:40:00,2,000420.SZ,0.0,4.85,0.0,0.0,21.14995469072165,0.0,0.0,0.0,0.0,0.0,7.0,0.0
20260313,10:41:00,1,300981.SZ,0.0,14.61,0.0,0.0,1.160601930184805,0.0,0.0,0.0,0.0,0.0,6.993708249455969,0.0
20260313,10:41:00,2,000420.SZ,0.0,4.89,0.0,0.0,21.182170766871167,0.0,0.0,0.0,0.0,0.0,7.0,0.0
20260313,10:42:00,1,300981.SZ,0.0,14.62,0.0,0.0,1.160890256497948,0.0,0.0,0.0,0.0,0.0,6.9928789179283655,0.0
20260313,10:42:00,2,000420.SZ,0.0,4.89,0.0,0.0,21.234117995910022,0.0,0.0,0.0,0.0,0.0,7.0,0.0
20260313,10:43:00,1,300981.SZ,0.0,14.64,0.0,0.0,1.1598670662568307,0.0,0.0,0.0,0.0,0.0,6.991934213073138,0.0
20260313,10:43:00,2,000420.SZ,0.0,4.89,0.0,0.0,21.281618026584866,0.0,0.0,0.0,0.0,0.0,7.0,0.0
20260313,10:44:00,1,300981.SZ,0.0,14.64,0.0,0.0,1.160411919398907,0.0,0.0,0.0,0.0,0.0,6.990893691853568,0.0
20260313,10:44:00,2,000420.SZ,0.0,4.9,0.0,0.0,21.283720204081632,0.0,0.0,0.0,0.0,0.0,7.0,0.0
20260313,10:45:00,1,300981.SZ,0.0,14.7,0.0,0.0,1.1577011700680273,0.0,0.0,0.0,0.0,0.0,6.989870618259955,0.0
20260313,10:45:00,2,000420.SZ,0.0,4.89,0.0,0.0,21.368240766871168,0.0,0.0,0.0,0.0,0.0,7.0,0.0
20260313,10:46:00,1,300981.SZ,0.0,14.73,0.0,0.0,1.1566466496945011,0.0,0.0,0.0,0.0,0.0,6.988701560639077,0.0
20260313,10:46:00,2,000420.SZ,0.0,4.89,0.0,0.0,21.401207668711656,0.0,0.0,0.0,0.0,0.0,7.0,0.0
20260313,10:47:00,1,300981.SZ,0.0,14.73,0.0,0.0,1.1586577155465037,0.0,0.0,0.0,0.0,0.0,6.987501218351023,0.0
20260313,10:47:00,2,000420.SZ,0.0,4.88,0.0,0.0,21.47689194672131,0.0,0.0,0.0,0.0,0.0,7.0,0.0
20260313,10:48:00,1,300981.SZ,0.0,14.71,0.0,0.0,1.1606481441196466,0.0,0.0,0.0,0.0,0.0,6.986042113923163,0.0
20260313,10:48:00,2,000420.SZ,0.0,4.88,0.0,0.0,21.511178084016393,0.0,0.0,0.0,0.0,0.0,7.0,0.0
20260313,10:49:00,1,300981.SZ,0.0,14.7,0.0,0.0,1.1630170544217686,0.0,0.0,0.0,0.0,0.0,6.984590304934672,0.0
20260313,10:49:00,2,000420.SZ,0.0,4.89,0.0,0.0,21.5722308997955,0.0,0.0,0.0,0.0,0.0,7.0,0.0
20260313,10:50:00,1,300981.SZ,0.0,14.7,0.0,0.0,1.1631769693877552,0.0,0.0,0.0,0.0,0.0,6.982852006283634,0.0
20260313,10:50:00,2,000420.SZ,0.0,4.9,0.0,0.0,21.635124142857144,0.0,0.0,0.0,0.0,0.0,7.0,0.0
20260313,10:51:00,1,300981.SZ,0.0,14.69,0.0,0.0,1.1646588223281142,0.0,0.0,0.0,0.0,0.0,6.981041131147031,0.0
20260313,10:51:00,2,000420.SZ,0.0,4.9,0.0,0.0,21.716055979591836,0.0,0.0,0.0,0.0,0.0,7.0,0.0
20260313,10:52:00,1,300981.SZ,0.0,14.69,0.0,0.0,1.1652690231449965,0.0,0.0,0.0,0.0,0.0,6.979078660442017,0.0
20260313,10:52:00,2,000420.SZ,0.0,4.9,0.0,0.0,21.73956175510204,0.0,0.0,0.0,0.0,0.0,7.0,0.0
20260313,10:53:00,1,300981.SZ,0.0,14.7,0.0,0.0,1.1650717517006803,0.0,0.0,0.0,0.0,0.0,6.976965818986421,0.0
20260313,10:53:00,2,000420.SZ,0.0,4.9,0.0,0.0,21.772364020408162,0.0,0.0,0.0,0.0,0.0,7.0,0.0
20260313,10:54:00,1,300981.SZ,0.0,14.69,0.0,0.0,1.16650522804629,0.0,0.0,0.0,0.0,0.0,6.974705928118268,0.0
20260313,10:54:00,2,000420.SZ,0.0,4.92,0.0,0.0,21.749991737804876,0.0,0.0,0.0,0.0,0.0,7.0,0.0
20260313,10:55:00,1,300981.SZ,0.0,14.69,0.0,0.0,1.167300585432267,0.0,0.0,0.0,0.0,0.0,6.9723155207254255,0.0
20260313,10:55:00,2,000420.SZ,0.0,4.92,0.0,0.0,21.83508462398374,0.0,0.0,0.0,0.0,0.0,7.0,0.0
20260313,10:56:00,1,300981.SZ,0.0,14.69,0.0,0.0,1.167680677331518,0.0,0.0,0.0,0.0,0.0,6.9696776291994365,0.0
20260313,10:56:00,2,000420.SZ,0.0,4.94,0.0,0.0,21.815406589068825,0.0,0.0,0.0,0.0,0.0,7.0,0.0
20260313,10:57:00,1,300981.SZ,0.0,14.68,0.0,0.0,1.1692352486376023,0.0,0.0,0.0,0.0,0.0,6.966942865522874,0.0
20260313,10:57:00,2,000420.SZ,0.0,4.92,0.0,0.0,21.962552489837396,0.0,0.0,0.0,0.0,0.0,7.0,0.0
20260313,10:58:00,1,300981.SZ,0.0,14.68,0.0,0.0,1.172375970708447,0.0,0.0,0.0,0.0,0.0,6.964598212757916,0.0
20260313,10:58:00,2,000420.SZ,0.0,4.92,0.0,0.0,21.984409278455285,0.0,0.0,0.0,0.0,0.0,7.0,0.0
20260313,10:59:00,1,300981.SZ,0.0,14.66,0.0,0.0,1.174730729877217,0.0,0.0,0.0,0.0,0.0,6.961547304523332,0.0
20260313,10:59:00,2,000420.SZ,0.0,4.92,0.0,0.0,22.0085018800813,0.0,0.0,0.0,0.0,0.0,7.0,0.0
20260313,11:00:00,1,300981.SZ,0.0,14.63,0.0,0.0,1.1783513089542037,0.0,0.0,0.0,0.0,0.0,6.958433689730779,0.0
20260313,11:00:00,2,000420.SZ,0.0,4.91,0.0,0.0,22.085655081466395,0.0,0.0,0.0,0.0,0.0,7.0,0.0
20260313,11:01:00,1,300981.SZ,0.0,14.62,0.0,0.0,1.179879192886457,0.0,0.0,0.0,0.0,0.0,6.9550045787130115,0.0
20260313,11:01:00,2,000420.SZ,0.0,4.9,0.0,0.0,22.165307071428572,0.0,0.0,0.0,0.0,0.0,7.0,0.0
20260313,11:02:00,1,300981.SZ,0.0,14.62,0.0,0.0,1.1811117270861833,0.0,0.0,0.0,0.0,0.0,6.951534481417218,0.0
20260313,11:02:00,2,000420.SZ,0.0,4.9,0.0,0.0,22.1963675,0.0,0.0,0.0,0.0,0.0,7.0,0.0
20260313,11:03:00,1,300981.SZ,0.0,14.61,0.0,0.0,1.1831057255304585,0.0,0.0,0.0,0.0,0.0,6.9478656409809485,0.0
20260313,11:03:00,2,000420.SZ,0.0,4.9,0.0,0.0,22.21689601020408,0.0,0.0,0.0,0.0,0.0,7.0,0.0
20260313,11:04:00,1,300981.SZ,0.0,14.62,0.0,0.0,1.1827681087551298,0.0,0.0,0.0,0.0,0.0,6.9437595273022,0.0
20260313,11:04:00,2,000420.SZ,0.0,4.89,0.0,0.0,22.272131359918202,0.0,0.0,0.0,0.0,0.0,7.0,0.0
20260313,11:05:00,1,300981.SZ,0.0,14.61,0.0,0.0,1.1838828405201915,0.0,0.0,0.0,0.0,0.0,6.939366498487139,0.0
20260313,11:05:00,2,000420.SZ,0.0,4.89,0.0,0.0,22.309198415132926,0.0,0.0,0.0,0.0,0.0,7.0,0.0
20260313,11:06:00,1,300981.SZ,0.0,14.62,0.0,0.0,1.1837228967168263,0.0,0.0,0.0,0.0,0.0,6.934870708565529,0.0
20260313,11:06:00,2,000420.SZ,0.0,4.87,0.0,0.0,22.451956724845996,0.0,0.0,0.0,0.0,0.0,7.0,0.0
20260313,11:07:00,1,300981.SZ,0.0,14.62,0.0,0.0,1.1843476470588234,0.0,0.0,0.0,0.0,0.0,6.9301360567719374,0.0
20260313,11:07:00,2,000420.SZ,0.0,4.88,0.0,0.0,22.42634905737705,0.0,0.0,0.0,0.0,0.0,7.0,0.0
20260313,11:08:00,1,300981.SZ,0.0,14.61,0.0,0.0,1.1859683059548254,0.0,0.0,0.0,0.0,0.0,6.925248483501591,0.0
20260313,11:08:00,2,000420.SZ,0.0,4.89,0.0,0.0,22.410466871165642,0.0,0.0,0.0,0.0,0.0,7.0,0.0
20260313,11:09:00,1,300981.SZ,0.0,14.61,0.0,0.0,1.1869885626283367,0.0,0.0,0.0,0.0,0.0,6.920228788631993,0.0
20260313,11:09:00,2,000420.SZ,0.0,4.89,0.0,0.0,22.418831411042945,0.0,0.0,0.0,0.0,0.0,7.0,0.0
20260313,11:10:00,1,300981.SZ,0.0,14.63,0.0,0.0,1.1869494839371155,0.0,0.0,0.0,0.0,0.0,6.915263442556128,0.0
20260313,11:10:00,2,000420.SZ,0.0,4.88,0.0,0.0,22.476852028688523,0.0,0.0,0.0,0.0,0.0,7.0,0.0
20260313,11:11:00,1,300981.SZ,0.0,14.62,0.0,0.0,1.1890066518467852,0.0,0.0,0.0,0.0,0.0,6.909923348712458,0.0
20260313,11:11:00,2,000420.SZ,0.0,4.88,0.0,0.0,22.53545544057377,0.0,0.0,0.0,0.0,0.0,7.0,0.0
20260313,11:12:00,1,300981.SZ,0.0,14.61,0.0,0.0,1.1916015023956195,0.0,0.0,0.0,0.0,0.0,6.904654317064177,0.0
20260313,11:12:00,2,000420.SZ,0.0,4.87,0.0,0.0,22.619342597535937,0.0,0.0,0.0,0.0,0.0,7.0,0.0
20260313,11:13:00,1,300981.SZ,0.0,14.61,0.0,0.0,1.1918715229295003,0.0,0.0,0.0,0.0,0.0,6.898330341515975,0.0
20260313,11:13:00,2,000420.SZ,0.0,4.87,0.0,0.0,22.641712422997948,0.0,0.0,0.0,0.0,0.0,7.0,0.0
20260313,11:14:00,1,300981.SZ,0.0,14.64,0.0,0.0,1.1900085211748634,0.0,0.0,0.0,0.0,0.0,6.891911495638226,0.0
20260313,11:14:00,2,000420.SZ,0.0,4.86,0.0,0.0,22.71350383744856,0.0,0.0,0.0,0.0,0.0,7.0,0.0
20260313,11:15:00,1,300981.SZ,0.0,14.63,0.0,0.0,1.1914317874231033,0.0,0.0,0.0,0.0,0.0,6.885244195575579,0.0
20260313,11:15:00,2,000420.SZ,0.0,4.86,0.0,0.0,22.743055740740743,0.0,0.0,0.0,0.0,0.0,7.0,0.0
20260313,11:16:00,1,300981.SZ,0.0,14.64,0.0,0.0,1.191027657103825,0.0,0.0,0.0,0.0,0.0,6.878174231506012,0.0
20260313,11:16:00,2,000420.SZ,0.0,4.86,0.0,0.0,22.80391462962963,0.0,0.0,0.0,0.0,0.0,7.0,0.0
20260313,11:17:00,1,300981.SZ,0.0,14.63,0.0,0.0,1.1921466643882435,0.0,0.0,0.0,0.0,0.0,6.870744291954917,0.0
20260313,11:17:00,2,000420.SZ,0.0,4.86,0.0,0.0,22.860740761316872,0.0,0.0,0.0,0.0,0.0,7.0,0.0
20260313,11:18:00,1,300981.SZ,0.0,14.63,0.0,0.0,1.1922166541353383,0.0,0.0,0.0,0.0,0.0,6.862844073383477,0.0
20260313,11:18:00,2,000420.SZ,0.0,4.86,0.0,0.0,22.879077088477366,0.0,0.0,0.0,0.0,0.0,7.0,0.0
20260313,11:19:00,1,300981.SZ,0.0,14.63,0.0,0.0,1.1936917600820232,0.0,0.0,0.0,0.0,0.0,6.855704491402895,0.0
20260313,11:19:00,2,000420.SZ,0.0,4.86,0.0,0.0,22.907408281893005,0.0,0.0,0.0,0.0,0.0,7.0,0.0
20260313,11:20:00,1,300981.SZ,0.0,14.62,0.0,0.0,1.1947283481532147,0.0,0.0,0.0,0.0,0.0,6.847334713182494,0.0
20260313,11:20:00,2,000420.SZ,0.0,4.86,0.0,0.0,22.962135627572017,0.0,0.0,0.0,0.0,0.0,7.0,0.0
20260313,11:21:00,1,300981.SZ,0.0,14.64,0.0,0.0,1.1950308982240436,0.0,0.0,0.0,0.0,0.0,6.840083702702526,0.0
20260313,11:21:00,2,000420.SZ,0.0,4.85,0.0,0.0,23.052392402061855,0.0,0.0,0.0,0.0,0.0,7.0,0.0
20260313,11:22:00,1,300981.SZ,0.0,14.65,0.0,0.0,1.1949698976109213,0.0,0.0,0.0,0.0,0.0,6.831610977817099,0.0
20260313,11:22:00,2,000420.SZ,0.0,4.86,0.0,0.0,23.059316306584364,0.0,0.0,0.0,0.0,0.0,6.999999999999999,0.0
20260313,11:23:00,1,300981.SZ,0.0,14.65,0.0,0.0,1.1954698976109215,0.0,0.0,0.0,0.0,0.0,6.822627140387806,0.0
20260313,11:23:00,2,000420.SZ,0.0,4.88,0.0,0.0,22.999028032786885,0.0,0.0,0.0,0.0,0.0,6.999999999999999,0.0
20260313,11:24:00,1,300981.SZ,0.0,14.68,0.0,0.0,1.1937995572207083,0.0,0.0,0.0,0.0,0.0,6.813600573519344,0.0
20260313,11:24:00,2,000420.SZ,0.0,4.88,0.0,0.0,23.022679672131147,0.0,0.0,0.0,0.0,0.0,6.999999999999999,0.0
20260313,11:25:00,1,300981.SZ,0.0,14.69,0.0,0.0,1.1935168584070797,0.0,0.0,0.0,0.0,0.0,6.804052655855235,0.0
20260313,11:25:00,2,000420.SZ,0.0,4.86,0.0,0.0,23.152337962962964,0.0,0.0,0.0,0.0,0.0,6.999999999999999,0.0
20260313,11:26:00,1,300981.SZ,0.0,14.69,0.0,0.0,1.1959331211708646,0.0,0.0,0.0,0.0,0.0,6.796125108037119,0.0
20260313,11:26:00,2,000420.SZ,0.0,4.87,0.0,0.0,23.114490903490758,0.0,0.0,0.0,0.0,0.0,6.999999999999998,0.0
20260313,11:27:00,1,300981.SZ,0.0,14.75,0.0,0.0,1.1939438542372882,0.0,0.0,0.0,0.0,0.0,6.7885182317333,0.0
20260313,11:27:00,2,000420.SZ,0.0,4.87,0.0,0.0,23.13690154004107,0.0,0.0,0.0,0.0,0.0,6.999999999999998,0.0
20260313,11:28:00,1,300981.SZ,0.0,14.76,0.0,0.0,1.1943493089430894,0.0,0.0,0.0,0.0,0.0,6.778974905016929,0.0
20260313,11:28:00,2,000420.SZ,0.0,4.87,0.0,0.0,23.176726981519508,0.0,0.0,0.0,0.0,0.0,6.999999999999998,0.0
20260313,11:29:00,1,300981.SZ,0.0,14.77,0.0,0.0,1.1970965132024374,0.0,0.0,0.0,0.0,0.0,6.77179830280199,0.0
20260313,11:29:00,2,000420.SZ,0.0,4.88,0.0,0.0,23.151910348360655,0.0,0.0,0.0,0.0,0.0,6.999999999999997,0.0
20260313,11:30:00,1,300981.SZ,0.0,14.78,0.0,0.0,1.1977780311231394,0.0,0.0,0.0,0.0,0.0,6.762161958398336,0.0
20260313,11:30:00,2,000420.SZ,0.0,4.95,0.0,0.0,23.078547858585857,0.0,0.0,0.0,0.0,0.0,6.999999999999997,0.0
20260313,13:00:00,1,300981.SZ,0.0,14.79,0.0,0.0,1.2036016362407032,0.0,0.0,0.0,0.0,0.0,6.769667281712315,0.0
20260313,13:00:00,2,000420.SZ,0.0,4.96,0.0,0.0,23.06330548387097,0.0,0.0,0.0,0.0,0.0,6.999999999999997,0.0
20260313,13:01:00,1,300981.SZ,0.0,14.88,0.0,0.0,1.1988772547043012,0.0,0.0,0.0,0.0,0.0,6.761282429055664,0.0
20260313,13:01:00,2,000420.SZ,0.0,4.95,0.0,0.0,23.312346616161616,0.0,0.0,0.0,0.0,0.0,6.999999999999997,0.0
20260313,13:02:00,1,300981.SZ,0.0,14.89,0.0,0.0,1.2056020181329752,0.0,0.0,0.0,0.0,0.0,6.758558522453013,0.0
20260313,13:02:00,2,000420.SZ,0.0,4.94,0.0,0.0,23.40102265182186,0.0,0.0,0.0,0.0,0.0,6.9999999999999964,0.0
20260313,13:03:00,1,300981.SZ,0.0,14.88,0.0,0.0,1.2105963407258065,0.0,0.0,0.0,0.0,0.0,6.751940548922331,0.0
20260313,13:03:00,2,000420.SZ,0.0,5.02,0.0,0.0,23.25610532868526,0.0,0.0,0.0,0.0,0.0,6.999999999999997,0.0
20260313,13:04:00,1,300981.SZ,0.0,14.88,0.0,0.0,1.2125932526881722,0.0,0.0,0.0,0.0,0.0,6.742625280897101,0.0
20260313,13:04:00,2,000420.SZ,0.0,5.01,0.0,0.0,23.53682862275449,0.0,0.0,0.0,0.0,0.0,6.999999999999997,0.0
20260313,13:05:00,1,300981.SZ,0.0,14.87,0.0,0.0,1.214784505716207,0.0,0.0,0.0,0.0,0.0,6.732351435640115,0.0
20260313,13:05:00,2,000420.SZ,0.0,5.01,0.0,0.0,23.59816506986028,0.0,0.0,0.0,0.0,0.0,6.9999999999999964,0.0
20260313,13:06:00,1,300981.SZ,3595.79,15.08,11.117407465912713,3.6157966332318736,1.218487599469496,0.01218487599469496,3218.244932807723,39.21391542681752,0.305655968065999,0.7889447236180905,6.745834326500845,14.764079147640787
20260313,13:06:00,2,000420.SZ,0.0,5.02,0.0,0.0,23.632281444223107,0.0,0.0,0.0,0.0,0.0,6.9999999999999964,0.0
20260313,13:07:00,1,300981.SZ,3788.04,15.09,11.093987325349989,3.607806357974569,1.2244898508946322,0.012244898508946323,3268.2685770468524,40.01961702591713,0.3155150303089356,0.7939698492462312,6.742437269095426,14.84018264840182
20260313,13:07:00,2,000420.SZ,0.0,4.99,0.0,0.0,23.91211375751503,0.0,0.0,0.0,0.0,0.0,6.9999999999999964,0.0
20260313,13:08:00,1,300981.SZ,0.0,15.04,0.0,0.0,1.2392252460106383,0.0,0.0,0.0,0.0,0.0,6.743608453654769,0.0
20260313,13:08:00,2,000420.SZ,0.0,4.97,0.0,0.0,24.02977546277666,0.0,0.0,0.0,0.0,0.0,6.999999999999995,0.0
20260313,13:09:00,1,300981.SZ,3171.69,15.05,10.830104615899135,3.586444025408823,1.240271295681063,0.01240271295681063,3071.2417725472187,38.09173012586944,0.2775480766661123,0.7738693467336687,6.734307563181002,14.535768645357686
20260313,13:09:00,2,000420.SZ,0.0,4.96,0.0,0.0,24.102798508064517,0.0,0.0,0.0,0.0,0.0,6.999999999999993,0.0
20260313,13:10:00,1,300981.SZ,3181.7799999999997,15.05,10.795738767406492,3.57018482599029,1.2442194252491694,0.012442194252491694,3071.2417725472187,38.21298673039941,0.2775480766661123,0.7738693467336687,6.727404072495997,14.535768645357686
20260313,13:10:00,2,000420.SZ,0.0,4.95,0.0,0.0,24.1916558989899,0.0,0.0,0.0,0.0,0.0,6.999999999999991,0.0
20260313,13:11:00,1,300981.SZ,3682.0199999999995,15.08,10.857047684359284,3.5611890029577364,1.2477078050397878,0.012477078050397878,3218.244932807723,40.15429321193944,0.305655968065999,0.7889447236180905,6.7229675520988215,14.764079147640787
20260313,13:11:00,2,000420.SZ,0.0,4.94,0.0,0.0,24.271743562753038,0.0,0.0,0.0,0.0,0.0,6.9999999999999885,0.0
20260313,13:12:00,1,300981.SZ,3522.4800000000005,15.07,10.792428185960247,3.5426216087848217,1.2516526542800266,0.012516526542800267,3168.734347065693,39.661547562130615,0.2960449176436115,0.7839195979899499,6.71492884311668,14.687975646879753
20260313,13:12:00,2,000420.SZ,0.0,4.93,0.0,0.0,24.346120405679514,0.0,0.0,0.0,0.0,0.0,6.999999999999986,0.0
20260313,13:13:00,1,300981.SZ,4063.3199999999997,15.1,10.869276233898942,3.528866611044274,1.2533057715231788,0.012533057715231787,3318.807924414512,41.59481126245569,0.3256268736364012,0.7989949748743717,6.7081226392632045,14.916286149162856
20260313,13:13:00,2,000420.SZ,0.0,4.94,0.0,0.0,24.309865506072875,0.0,0.0,0.0,0.0,0.0,6.999999999999982,0.0
20260313,13:14:00,1,300981.SZ,4277.15,15.11,10.848825380848254,3.521675028888912,1.259175800794176,0.01259175800794176,3369.865619542124,42.43253240055716,0.3359963280661071,0.8040201005025123,6.704611477609562,14.992389649923886
20260313,13:14:00,2,000420.SZ,0.0,4.93,0.0,0.0,24.384449391480732,0.0,0.0,0.0,0.0,0.0,6.999999999999977,0.0
20260313,13:15:00,1,300981.SZ,4482.4400000000005,15.12,10.87319126065233,3.5001905329045218,1.2598536904761906,0.012598536904761905,3421.4443070611223,43.10519237009707,0.34662828475401175,0.8090452261306529,6.694267805840202,15.068493150684919
20260313,13:15:00,2,000420.SZ,0.0,4.91,0.0,0.0,24.507199979633402,0.0,0.0,0.0,0.0,0.0,6.999999999999971,0.0
20260313,13:16:00,1,300981.SZ,4096.65,15.1,10.780825962857561,3.4793375662430766,1.2635884006622518,0.012635884006622517,3318.807924414512,41.936071973161404,0.3256268736364012,0.7989949748743717,6.684487496318073,14.916286149162856
20260313,13:16:00,2,000420.SZ,0.0,4.91,0.0,0.0,24.55499017311609,0.0,0.0,0.0,0.0,0.0,6.9999999999999645,0.0
20260313,13:17:00,1,300981.SZ,4102.18,15.1,10.76629648431436,3.458602150925728,1.2652936556291392,0.012652936556291391,3318.807924414512,41.99266611013393,0.3256268736364012,0.7989949748743717,6.67404848919056,14.916286149162856
20260313,13:17:00,2,000420.SZ,0.0,4.92,0.0,0.0,24.533665193089433,0.0,0.0,0.0,0.0,0.0,6.999999999999956,0.0
20260313,13:18:00,1,300981.SZ,4315.99,15.11,10.751213101313441,3.450644658601923,1.2706080939774984,0.012706080939774983,3369.865619542124,42.817785318067195,0.3359963280661071,0.8040201005025123,6.669746724210915,14.992389649923886
20260313,13:18:00,2,000420.SZ,0.0,4.92,0.0,0.0,24.567346900406502,0.0,0.0,0.0,0.0,0.0,6.999999999999946,0.0
20260313,13:19:00,1,300981.SZ,4322.67,15.11,10.734583457978673,3.43112703788558,1.272576475843812,0.01272576475843812,3369.865619542124,42.8841171418414,0.3359963280661071,0.8040201005025123,6.659485909829546,14.992389649923886
20260313,13:19:00,2,000420.SZ,0.0,4.93,0.0,0.0,24.536293995943204,0.0,0.0,0.0,0.0,0.0,6.9999999999999325,0.0
20260313,13:20:00,1,300981.SZ,4325.88,15.11,10.72662050878562,3.409147904704583,1.2735211780277962,0.012735211780277962,3369.865619542124,42.91595233594655,0.3359963280661071,0.8040201005025123,6.647560430054565,14.992389649923886
20260313,13:20:00,2,000420.SZ,0.0,4.91,0.0,0.0,24.689491710794297,0.0,0.0,0.0,0.0,0.0,6.999999999999919,0.0
20260313,13:21:00,1,300981.SZ,4390.68,15.11,10.568308357285956,3.435676039853397,1.2925983917935142,0.012925983917935141,3369.865619542124,43.55882880380403,0.3359963280661071,0.8040201005025123,6.66190473308518,14.992389649923886
20260313,13:21:00,2,000420.SZ,0.0,4.91,0.0,0.0,24.70936018329939,0.0,0.0,0.0,0.0,0.0,6.9999999999999005,0.0
20260313,13:22:00,1,300981.SZ,6029.93,15.18,10.791609864553,3.424581385379661,1.2905341106719368,0.012905341106719368,3742.0053717541955,48.29185574566411,0.4162142773548858,0.8391959798994973,6.654480388458101,15.525114155251135
20260313,13:22:00,2,000420.SZ,0.0,4.9,0.0,0.0,24.766743346938775,0.0,0.0,0.0,0.0,0.0,6.999999999999874,0.0
20260313,13:23:00,1,300981.SZ,6596.2,15.2,10.840106575442352,3.409188887026656,1.2917810394736842,0.012917810394736842,3853.1468890743795,49.77422093613295,0.4417414384269271,0.8492462311557786,6.645624174176605,15.677321156773202
20260313,13:23:00,2,000420.SZ,0.0,4.91,0.0,0.0,24.744548431771893,0.0,0.0,0.0,0.0,0.0,6.9999999999998455,0.0
20260313,13:24:00,1,300981.SZ,5790.85,15.17,10.715772948330216,3.3890001805976713,1.2961163843111405,0.012961163843111405,3687.245192626892,47.79098907136202,0.40390112065159894,0.8341708542713567,6.63493441998345,15.4490106544901
20260313,13:24:00,2,000420.SZ,0.0,4.91,0.0,0.0,24.76658936863544,0.0,0.0,0.0,0.0,0.0,6.99999999999981,0.0
20260313,13:25:00,1,300981.SZ,5804.35,15.17,10.690851334936246,3.3734734339135763,1.2991377818061964,0.012991377818061964,3687.245192626892,47.90239540524861,0.40390112065159894,0.8341708542713567,6.625972524945069,15.4490106544901
20260313,13:25:00,2,000420.SZ,0.0,4.91,0.0,0.0,24.784920397148678,0.0,0.0,0.0,0.0,0.0,6.999999999999767,0.0
20260313,13:26:00,1,300981.SZ,10324.75,15.3,10.931586398397846,3.4274748621049027,1.3157798986928104,0.013157798986928104,4441.965261158251,58.44648601323787,0.5888433473727404,0.8994974874371863,6.65349391638338,16.43835616438356
20260313,13:26:00,2,000420.SZ,0.0,4.9,0.0,0.0,24.84567167346939,0.0,0.0,0.0,0.0,0.0,6.9999999999997105,0.0
20260313,13:27:00,1,300981.SZ,11701.14,15.33,11.011090990141728,3.414248668505534,1.3166467253750815,0.013166467253750815,4629.629629629628,60.955866915513006,0.6398697184717304,0.9145728643216081,6.645613854126769,16.666666666666664
20260313,13:27:00,2,000420.SZ,0.0,4.89,0.0,0.0,24.964191758691207,0.0,0.0,0.0,0.0,0.0,6.999999999999668,0.0
20260313,13:28:00,1,300981.SZ,10822.05,15.31,10.902237610549648,3.4018386543400667,1.3228122436316132,0.013228122436316133,4503.94528408495,59.57873966434436,0.6054762932121467,0.9045226130653269,6.639120325560539,16.514459665144596
20260313,13:28:00,2,000420.SZ,0.0,4.9,0.0,0.0,24.92936844897959,0.0,0.0,0.0,0.0,0.0,6.999999999999593,0.0
20260313,13:29:00,1,300981.SZ,9176.73,15.27,10.752012361741363,3.3796554288348757,1.327138205631958,0.013271382056319581,4259.4420561835805,56.52868287436775,0.5411254463137466,0.8844221105527637,6.627313972538848,16.21004566210045
20260313,13:29:00,2,000420.SZ,0.0,4.9,0.0,0.0,24.952969204081633,0.0,0.0,0.0,0.0,0.0,6.999999999999508,0.0
20260313,13:30:00,1,300981.SZ,6531.08,15.19,10.445602787921366,3.36107592181393,1.3369254674127715,0.013369254674127716,3797.305055692881,50.767138364910856,0.42882591857847396,0.844221105527638,6.618203040337525,15.601217656012167
20260313,13:30:00,2,000420.SZ,0.0,4.9,0.0,0.0,24.971709489795916,0.0,0.0,0.0,0.0,0.0,6.999999999999401,0.0
20260313,13:31:00,1,300981.SZ,8885.380000000001,15.26,10.612993370155818,3.3669736018169703,1.3409369200524246,0.013409369200524246,4199.731127022408,56.31574522517726,0.5259262664063898,0.879396984924623,6.620099454329173,16.133942161339416
20260313,13:31:00,2,000420.SZ,0.0,4.9,0.0,0.0,24.981671214285715,0.0,0.0,0.0,0.0,0.0,6.999999999999267,0.0
20260313,13:32:00,1,300981.SZ,7839.139999999999,15.23,10.486514715876458,3.350256502911751,1.3462241529875245,0.013462241529875246,4023.951732190036,54.17141012330214,0.482366182057771,0.8643216080402012,6.610772535023111,15.905631659056315
20260313,13:32:00,2,000420.SZ,0.0,4.89,0.0,0.0,25.052651973415134,0.0,0.0,0.0,0.0,0.0,6.999999999999115,0.0
20260313,13:33:00,1,300981.SZ,7199.62,15.21,10.406793491269962,3.330630213745678,1.349224033530572,0.013492240335305722,3909.533516530127,52.7483658039574,0.45496629560371477,0.8542713567839201,6.599169326135647,15.753424657534248
20260313,13:33:00,2,000420.SZ,0.0,4.9,0.0,0.0,25.009493867346936,0.0,0.0,0.0,0.0,0.0,6.99999999999892,0.0
20260313,13:34:00,1,300981.SZ,13040.539999999999,15.35,10.779868890320307,3.351564192071363,1.3519478338762214,0.013519478338762214,4757.630672305537,64.32068481806542,0.6758086294293729,0.9246231155778892,6.608774945818928,16.81887366818873
20260313,13:34:00,2,000420.SZ,0.0,4.9,0.0,0.0,25.018041836734696,0.0,0.0,0.0,0.0,0.0,6.999999999998684,0.0
20260313,13:35:00,1,300981.SZ,24357.52,15.53,10.89939768732229,3.5393301513443514,1.4174187508048937,0.014174187508048936,6017.382340779698,85.29150560583386,0.9519321838164504,0.9901960784313719,6.704957566913695,18.188736681887356
20260313,13:35:00,2,000420.SZ,0.0,4.89,0.0,0.0,25.087362116564414,0.0,0.0,0.0,0.0,0.0,6.99999999999842,0.0
20260313,13:36:00,1,300981.SZ,18535.170000000002,15.48,10.7356953969577,3.5480102234542517,1.435487719638243,0.01435487719638243,5647.568101136967,81.07014655002787,0.762104377128905,0.9471153846153849,6.709848417085389,17.80821917808219
20260313,13:36:00,2,000420.SZ,0.0,4.9,0.0,0.0,25.0526996122449,0.0,0.0,0.0,0.0,0.0,6.999999999998105,0.0
20260313,13:37:00,1,300981.SZ,16004.720000000001,15.44,10.550170094041608,3.541198339403479,1.4463038762953369,0.014463038762953368,5362.871764787545,77.5634222148704,0.6878121927399137,0.9278846153846152,6.707468354801181,17.503805175038043
20260313,13:37:00,2,000420.SZ,0.0,4.9,0.0,0.0,25.062829408163267,0.0,0.0,0.0,0.0,0.0,6.999999999997713,0.0
20260313,13:38:00,1,300981.SZ,26227.45,15.57,10.859061511490065,3.5644455996440336,1.4507169556840078,0.014507169556840078,6324.595069110087,91.75197304593472,0.9528387858305261,0.9903846153846156,6.715627994560897,18.493150684931503
20260313,13:38:00,2,000420.SZ,0.0,4.9,0.0,0.0,25.08197242857143,0.0,0.0,0.0,0.0,0.0,6.999999999997278,0.0
20260313,13:39:00,1,300981.SZ,21910.09,15.52,10.670464755565545,3.5476731266662314,1.4585274645618558,0.014585274645618557,5942.165937554115,86.66812218906625,0.8426817961849992,0.9663461538461537,6.708968342399309,18.112633181126323
20260313,13:39:00,2,000420.SZ,0.0,4.9,0.0,0.0,25.10471081632653,0.0,0.0,0.0,0.0,0.0,6.99999999999678,0.0
20260313,13:40:00,1,300981.SZ,27478.629999999997,15.58,10.77624418234632,3.558189943001365,1.4653970474967908,0.014653970474967908,6402.998253206834,93.82934735376404,0.9761915689380397,0.9951923076923078,6.712649369408938,18.56925418569254
20260313,13:40:00,2,000420.SZ,0.0,4.9,0.0,0.0,25.11843198979592,0.0,0.0,0.0,0.0,0.0,6.999999999996159,0.0
20260313,13:41:00,1,300981.SZ,29419.829999999998,15.66,11.057808203637094,3.6172033963333114,1.4900247509578544,0.014900247509578544,7053.676317487405,105.10152298301486,0.9330605581694478,0.986238532110092,6.736708347079994,19.178082191780817
20260313,13:41:00,2,000420.SZ,0.0,4.9,0.0,0.0,25.13616495918367,0.0,0.0,0.0,0.0,0.0,6.999999999995449,0.0
20260313,13:42:00,1,300981.SZ,27516.120000000003,15.64,10.96567809946901,3.6029242316263534,1.4956033056265985,0.014956033056265985,6887.06101132617,103.00311214591484,0.890462324502594,0.9770642201834867,6.731088065892668,19.025875190258752
20260313,13:42:00,2,000420.SZ,0.0,4.89,0.0,0.0,25.21427148261759,0.0,0.0,0.0,0.0,0.0,6.999999999994677,0.0
20260313,13:43:00,1,300981.SZ,24840.57,15.61,10.836695971878838,3.590117339415266,1.5028703587443948,0.015028703587443949,6642.090124433883,99.82200368120552,0.8294954452226434,0.963302752293578,6.726153083458954,18.797564687975637
20260313,13:43:00,2,000420.SZ,0.0,4.9,0.0,0.0,25.17851862244898,0.0,0.0,0.0,0.0,0.0,6.999999999993704,0.0
20260313,13:44:00,1,300981.SZ,22353.370000000003,15.58,10.727398049651054,3.5712407098184658,1.5075411424903722,0.015075411424903722,6402.998253206834,96.52783302003289,0.7719146071166352,0.94954128440367,6.718462809730877,18.56925418569254
20260313,13:44:00,2,000420.SZ,0.0,4.89,0.0,0.0,25.385770817995912,0.0,0.0,0.0,0.0,0.0,6.999999999993711,0.0
20260313,13:45:00,1,300981.SZ,19365.43,15.54,10.587565572362992,3.551890350225257,1.513075579150579,0.01513075579150579,6093.230810916657,92.19518738125873,0.7001606860816035,0.9311926605504586,6.710523308453387,18.26484018264839
20260313,13:45:00,2,000420.SZ,0.0,4.88,0.0,0.0,25.448555778688526,0.0,0.0,0.0,0.0,0.0,6.999999999992541,0.0
20260313,13:46:00,1,300981.SZ,16127.13,15.49,10.411018926319562,3.5343209483552473,1.5204590703679794,0.015204590703679794,5720.2826830313315,86.97455690483869,0.6180782814874408,0.9082568807339453,6.703373684043861,17.884322678843223
20260313,13:46:00,2,000420.SZ,0.0,4.88,0.0,0.0,25.47508330942623,0.0,0.0,0.0,0.0,0.0,6.999999999991331,0.0
20260313,13:47:00,1,300981.SZ,12872.15,15.43,10.199351163484396,3.5182717380109607,1.529628444588464,0.01529628444588464,5293.224955350064,80.9666745530896,0.5299363077009898,0.8807339449541285,6.6969582810706845,17.42770167427701
20260313,13:47:00,2,000420.SZ,0.0,4.88,0.0,0.0,25.48745630122951,0.0,0.0,0.0,0.0,0.0,6.999999999989777,0.0
20260313,13:48:00,1,300981.SZ,26133.71,15.62,10.70165497847515,3.5381234363143106,1.5253903201024328,0.015253903201024328,6723.090336593265,102.55336920613574,0.849434328802139,0.9678899082568806,6.702748155665587,18.87366818873667
20260313,13:48:00,2,000420.SZ,0.0,4.87,0.0,0.0,25.58977878850103,0.0,0.0,0.0,0.0,0.0,6.999999999988481,0.0
20260313,13:49:00,1,300981.SZ,22703.97,15.58,10.56174255706552,3.5199385804959875,1.5311861489088574,0.015311861489088575,6402.998253206834,98.04182236797914,0.7719146071166352,0.94954128440367,6.694927842218588,18.56925418569254
20260313,13:49:00,2,000420.SZ,0.0,4.87,0.0,0.0,25.59830184804928,0.0,0.0,0.0,0.0,0.0,6.999999999986405,0.0
20260313,13:50:00,1,300981.SZ,26335.35,15.62,10.619714452208411,3.5234770448374175,1.5371600608194622,0.015371600608194622,6723.090336593265,103.34465950692443,0.849434328802139,0.9678899082568806,6.695863924465642,18.87366818873667
20260313,13:50:00,2,000420.SZ,0.0,4.86,0.0,0.0,25.713239279835392,0.0,0.0,0.0,0.0,0.0,6.999999999984939,0.0
20260313,13:51:00,1,300981.SZ,34430.75,15.7,10.738839261668849,3.557961593864432,1.5519988949044585,0.015519988949044584,7394.9254523006375,114.76916129871442,1.0,1.0,6.71040188705639,19.482496194824954
20260313,13:51:00,2,000420.SZ,0.0,4.86,0.0,0.0,25.72557465020576,0.0,0.0,0.0,0.0,0.0,6.9999999999823626,0.0
20260313,13:52:00,1,300981.SZ,26157.25,15.62,10.474489119102213,3.5390204627761803,1.5621050800256082,0.015621050800256083,6723.090336593265,105.02173568263417,0.8302171534881938,0.9634703196347032,6.703164813306407,18.87366818873667
20260313,13:52:00,2,000420.SZ,0.0,4.86,0.0,0.0,25.752331820987656,0.0,0.0,0.0,0.0,0.0,6.999999999979717,0.0
20260313,13:53:00,1,300981.SZ,24418.46,15.6,10.393251338258278,3.524267314782529,1.566992717948718,0.01566992717948718,6561.743136237302,102.82203711533833,0.7916092427718212,0.9543378995433791,6.696612327196393,18.721461187214604
20260313,13:53:00,2,000420.SZ,0.0,4.87,0.0,0.0,25.70731088295688,0.0,0.0,0.0,0.0,0.0,6.999999999976212,0.0
20260313,13:54:00,1,300981.SZ,23588.18,15.59,10.352317308437078,3.507007390179417,1.5695130788967286,0.015695130788967285,6482.046727372095,101.7365711663024,0.7728515826499535,0.9497716894977172,6.68850884697955,18.645357686453572
20260313,13:54:00,2,000420.SZ,0.0,4.86,0.0,0.0,25.815293580246912,0.0,0.0,0.0,0.0,0.0,6.999999999973583,0.0
20260313,13:55:00,1,300981.SZ,22806.7,15.58,10.300483819600728,3.493673885248853,1.573716919127086,0.01573716919127086,6402.998253206834,100.76506684212772,0.7544511990233049,0.9452054794520551,6.6821478414990585,18.56925418569254
20260313,13:55:00,2,000420.SZ,0.0,4.85,0.0,0.0,25.928376237113405,0.0,0.0,0.0,0.0,0.0,6.999999999970849,0.0
20260313,13:56:00,1,300981.SZ,33761.67,15.69,10.554794444815142,3.506507298076058,1.5754560643722115,0.015754560643722115,7308.604241707412,115.1438487469441,0.9773765026178712,0.995433789954338,6.686360398572523,19.406392694063918
20260313,13:56:00,2,000420.SZ,0.0,4.85,0.0,0.0,26.013821329896906,0.0,0.0,0.0,0.0,0.0,6.999999999968763,0.0
20260313,13:57:00,1,300981.SZ,29453.46,15.65,10.421514594483769,3.488494641127133,1.5809993610223643,0.015809993610223644,6970.0367631625295,110.19623668862349,0.8909396613295972,0.97716894977169,6.678202556020546,19.101978691019784
20260313,13:57:00,2,000420.SZ,0.0,4.85,0.0,0.0,26.026547041237112,0.0,0.0,0.0,0.0,0.0,6.999999999963778,0.0
20260313,13:58:00,1,300981.SZ,27490.05,15.63,10.35304988761272,3.47049328881808,1.5841036788227767,0.015841036788227767,6804.746417346898,107.7942383317533,0.8500779092793216,0.968036529680366,6.66944036436327,18.94977168949772
20260313,13:58:00,2,000420.SZ,0.0,4.85,0.0,0.0,26.08099337113402,0.0,0.0,0.0,0.0,0.0,6.9999999999599325,0.0
20260313,13:59:00,1,300981.SZ,30912.579999999998,15.66,10.309501659351112,3.497671257503845,1.6018678895274585,0.016018678895274585,7053.676317487405,112.99057596103364,0.9119514650743336,0.9817351598173519,6.682584453237001,19.178082191780817
20260313,13:59:00,2,000420.SZ,0.0,4.85,0.0,0.0,26.097269958762887,0.0,0.0,0.0,0.0,0.0,6.999999999953857,0.0
20260313,14:00:00,1,300981.SZ,33548.64,15.68,10.235301481485955,3.524877676532017,1.6209159247448979,0.01620915924744898,7222.9574121284195,117.07806693073151,0.9551643286873025,0.990867579908676,6.695411888832089,19.330289193302885
20260313,14:00:00,2,000420.SZ,0.0,4.86,0.0,0.0,26.054065473251033,0.0,0.0,0.0,0.0,0.0,6.999999999946615,0.0
20260313,14:01:00,1,300981.SZ,44755.509999999995,15.77,9.244190478363317,4.0507881003935875,1.8605621781864299,0.0186056217818643,8018.278743891601,149.18506165040907,1.0,1.0,6.866082224624586,20.0152207001522
20260313,14:01:00,2,000420.SZ,0.0,4.86,0.0,0.0,26.06179450617284,0.0,0.0,0.0,0.0,0.0,6.999999999938151,0.0
20260313,14:02:00,1,300981.SZ,45266.509999999995,15.77,9.139835508049151,4.07452717185792,1.8818053297400126,0.018818053297400127,8018.278743891601,150.8883967559627,1.0,1.0,6.871021931314361,20.0152207001522
20260313,14:02:00,2,000420.SZ,0.0,4.86,0.0,0.0,26.082305925925926,0.0,0.0,0.0,0.0,0.0,6.999999999929431,0.0
20260313,14:03:00,1,300981.SZ,45627.33,15.77,9.067558580486176,4.084562316384794,1.8968050792644262,0.018968050792644263,8018.278743891601,152.09111848371572,1.0,1.0,6.873055482178621,20.0152207001522
20260313,14:03:00,2,000420.SZ,0.0,4.86,0.0,0.0,26.105986851851853,0.0,0.0,0.0,0.0,0.0,6.9999999999198685,0.0
20260313,14:04:00,1,300981.SZ,45772.55,15.77,9.038789927315733,4.075293295705149,1.9028422289156626,0.019028422289156625,8018.278743891601,152.57519397093773,1.0,1.0,6.871178310494736,20.0152207001522
20260313,14:04:00,2,000420.SZ,0.0,4.84,0.0,0.0,26.281341642561983,0.0,0.0,0.0,0.0,0.0,6.99999999991322,0.0
20260313,14:05:00,1,300981.SZ,45834.54,15.77,9.026565818735534,4.058753763926137,1.9054191280913129,0.019054191280913128,8018.278743891601,152.7818169297904,1.0,1.0,6.867760254163161,20.0152207001522
20260313,14:05:00,2,000420.SZ,0.0,4.84,0.0,0.0,26.365006766528925,0.0,0.0,0.0,0.0,0.0,6.999999999907676,0.0
20260313,14:06:00,1,300981.SZ,46101.68,15.77,8.974259985652168,4.060461479795365,1.916524727330374,0.01916524727330374,8018.278743891601,153.67229483295785,1.0,1.0,6.868117282362583,20.0152207001522
20260313,14:06:00,2,000420.SZ,0.0,4.82,0.0,0.0,26.531247354771786,0.0,0.0,0.0,0.0,0.0,6.99999999989904,0.0
20260313,14:07:00,1,300981.SZ,46246.56,15.77,8.946144756514075,4.051440435963616,1.9225478281547241,0.01922547828154724,8018.278743891601,154.15524384607988,1.0,1.0,6.8662204320880615,20.0152207001522
20260313,14:07:00,2,000420.SZ,0.0,4.83,0.0,0.0,26.50079614906832,0.0,0.0,0.0,0.0,0.0,6.999999999885966,0.0
20260313,14:08:00,1,300981.SZ,46361.4,15.77,8.923985744126762,4.039896779594099,1.9273216772352566,0.019273216772352567,8018.278743891601,154.53802437216967,1.0,1.0,6.863753765151312,20.0152207001522
20260313,14:08:00,2,000420.SZ,0.0,4.84,0.0,0.0,26.47512872933884,0.0,0.0,0.0,0.0,0.0,6.9999999998719815,0.0
20260313,14:09:00,1,300981.SZ,46473.7,15.77,8.902420723255517,4.02825603956433,1.9319903772986684,0.019319903772986684,8018.278743891601,154.91237375697028,1.0,1.0,6.861220833034842,20.0152207001522
20260313,14:09:00,2,000420.SZ,0.0,4.84,0.0,0.0,26.501451621900827,0.0,0.0,0.0,0.0,0.0,6.999999999856049,0.0
20260313,14:10:00,1,300981.SZ,46543.32,15.77,8.88910539695033,4.013057010372252,1.9348843785668992,0.019348843785668993,8018.278743891601,155.14442284550879,1.0,1.0,6.857843482286422,20.0152207001522
20260313,14:10:00,2,000420.SZ,0.0,4.84,0.0,0.0,26.512161208677686,0.0,0.0,0.0,0.0,0.0,6.999999999835744,0.0
20260313,14:11:00,1,300981.SZ,46633.520000000004,15.77,8.871910511894997,3.999783331376699,1.9386344292961317,0.019386344292961318,8018.278743891601,155.445112366016,1.0,1.0,6.854827617437641,20.0152207001522
20260313,14:11:00,2,000420.SZ,0.0,4.83,0.0,0.0,26.579337308488615,0.0,0.0,0.0,0.0,0.0,6.999999999813125,0.0
20260313,14:12:00,1,300981.SZ,46687.54,15.77,8.861645026270725,3.983560413567624,1.9408801775523146,0.019408801775523146,8018.278743891601,155.6251827210828,1.0,1.0,6.851055738639442,20.0152207001522
20260313,14:12:00,2,000420.SZ,0.0,4.84,0.0,0.0,26.53656910123967,0.0,0.0,0.0,0.0,0.0,6.999999999787653,0.0
20260313,14:13:00,1,300981.SZ,46770.270000000004,15.77,8.8459717301295,3.9699417077251633,1.9443190298034243,0.019443190298034242,8018.278743891601,155.90091948016737,1.0,1.0,6.847814755480941,20.0152207001522
20260313,14:13:00,2,000420.SZ,0.0,4.84,0.0,0.0,26.545055371900826,0.0,0.0,0.0,0.0,0.0,6.999999999758142,0.0
20260313,14:14:00,1,300981.SZ,46972.35,15.77,8.80791365956704,3.9665433710205718,1.9527202282815472,0.019527202282815473,8018.278743891601,156.57455099197085,1.0,1.0,6.8469952243244645,20.0152207001522
20260313,14:14:00,2,000420.SZ,0.0,4.83,0.0,0.0,26.647051563147002,0.0,0.0,0.0,0.0,0.0,6.999999999735256,0.0
20260313,14:15:00,1,300981.SZ,47437.44,15.77,8.721559413789132,3.9852744140358753,1.972054578313253,0.01972054578313253,8018.278743891601,158.12483307083272,1.0,1.0,6.851458777950939,20.0152207001522
20260313,14:15:00,2,000420.SZ,0.0,4.82,0.0,0.0,26.785676348547717,0.0,0.0,0.0,0.0,0.0,6.999999999720655,0.0
20260313,14:16:00,1,300981.SZ,47549.55,15.77,8.700995058835115,3.974312316633636,1.9767154280279011,0.01976715428027901,8018.278743891601,158.49855299278707,1.0,1.0,6.848862388949132,20.0152207001522
20260313,14:16:00,2,000420.SZ,0.0,4.82,0.0,0.0,26.828737147302906,0.0,0.0,0.0,0.0,0.0,6.999999999693502,0.0
20260313,14:17:00,1,300981.SZ,47565.03,15.77,8.69816280153778,3.9554256714093463,1.97735907736208,0.0197735907736208,8018.278743891601,158.55016259053474,1.0,1.0,6.844283563167872,20.0152207001522
20260313,14:17:00,2,000420.SZ,0.0,4.81,0.0,0.0,26.913500665280665,0.0,0.0,0.0,0.0,0.0,6.999999999659347,0.0
20260313,14:18:00,1,300981.SZ,47594.020000000004,15.77,8.692865380900372,3.9378470313439795,1.9785640773620798,0.0197856407736208,8018.278743891601,158.64678284939862,1.0,1.0,6.839898974981269,20.0152207001522
20260313,14:18:00,2,000420.SZ,0.0,4.81,0.0,0.0,26.98417622661123,0.0,0.0,0.0,0.0,0.0,6.999999999636804,0.0
20260313,14:19:00,1,300981.SZ,47658.07,15.77,8.681182465812393,3.9233316794985407,1.981226778693722,0.01981226778693722,8018.278743891601,158.860285664287,1.0,1.0,6.836186827395936,20.0152207001522
20260313,14:19:00,2,000420.SZ,0.0,4.82,0.0,0.0,26.97916455394191,0.0,0.0,0.0,0.0,0.0,6.999999999605619,0.0
20260313,14:20:00,1,300981.SZ,47824.17,15.77,8.651031117335092,3.917320598327725,1.9881319277108436,0.019881319277108435,8018.278743891601,159.4139597601609,1.0,1.0,6.834624818419844,20.0152207001522
20260313,14:20:00,2,000420.SZ,0.0,4.82,0.0,0.0,27.021314221991698,0.0,0.0,0.0,0.0,0.0,6.999999999568451,0.0
20260313,14:21:00,1,300981.SZ,47986.659999999996,15.77,8.621737369210402,3.9110749543003855,1.9948869277108434,0.019948869277108434,8018.278743891601,159.95559448931078,1.0,1.0,6.832986300459199,20.0152207001522
20260313,14:21:00,2,000420.SZ,0.0,4.82,0.0,0.0,27.059143246887967,0.0,0.0,0.0,0.0,0.0,6.999999999526245,0.0
20260313,14:22:00,1,300981.SZ,48088.009999999995,15.77,8.603565772124467,3.8999328871764587,1.9991003297400125,0.019991003297400126,8018.278743891601,160.29343680861032,1.0,1.0,6.830023389046634,20.0152207001522
20260313,14:22:00,2,000420.SZ,0.0,4.81,0.0,0.0,27.167397297297295,0.0,0.0,0.0,0.0,0.0,6.9999999994873185,0.0
20260313,14:23:00,1,300981.SZ,48112.94,15.77,8.599108998076556,3.8827327079684446,2.0001364299302473,0.020001364299302472,8018.278743891601,160.37651420992935,1.0,1.0,6.825347491684081,20.0152207001522
20260313,14:23:00,2,000420.SZ,0.0,4.81,0.0,0.0,27.22425238045738,0.0,0.0,0.0,0.0,0.0,6.999999999448171,0.0
20260313,14:24:00,1,300981.SZ,48217.33,15.77,8.580490603520053,3.8720833609659384,2.0044764299302473,0.020044764299302475,8018.278743891601,160.72450750741424,1.0,1.0,6.822389162558348,20.0152207001522
20260313,14:24:00,2,000420.SZ,0.0,4.8,0.0,0.0,27.38272190625,0.0,0.0,0.0,0.0,0.0,6.999999999430958,0.0
20260313,14:25:00,1,300981.SZ,48233.68,15.77,8.577583519381353,3.8545010606624834,2.005155779961953,0.02005155779961953,8018.278743891601,160.77897968660312,1.0,1.0,6.817396533228688,20.0152207001522
20260313,14:25:00,2,000420.SZ,0.0,4.8,0.0,0.0,27.43826521875,0.0,0.0,0.0,0.0,0.0,6.9999999993874376,0.0
20260313,14:26:00,1,300981.SZ,48257.37,15.77,8.573371570494425,3.8376743475689037,2.0061408782498416,0.020061408782498416,8018.278743891601,160.85796761322734,1.0,1.0,6.812489169503465,20.0152207001522
20260313,14:26:00,2,000420.SZ,0.0,4.79,0.0,0.0,27.539202588726514,0.0,0.0,0.0,0.0,0.0,6.999999999333663,0.0
20260313,14:27:00,1,300981.SZ,48301.4,15.77,8.565556790842507,3.822619242941123,2.007971179454661,0.02007971179454661,8018.278743891601,161.00472626568256,1.0,1.0,6.807988613619685,20.0152207001522
20260313,14:27:00,2,000420.SZ,0.0,4.8,0.0,0.0,27.538374249999997,0.0,0.0,0.0,0.0,0.0,6.999999999284424,0.0
20260313,14:28:00,1,300981.SZ,48364.71,15.77,8.554344177049298,3.809227678236314,2.0106031293595437,0.020106031293595436,8018.278743891601,161.21576334545563,1.0,1.0,6.80389616387364,20.0152207001522
20260313,14:28:00,2,000420.SZ,0.0,4.8,0.0,0.0,27.609658927083338,0.0,0.0,0.0,0.0,0.0,6.99999999924245,0.0
20260313,14:29:00,1,300981.SZ,48390.53,15.77,8.549779282746302,3.793025798408348,2.011676629676601,0.020116766296766012,8018.278743891601,161.30183959319388,1.0,1.0,6.798830098205716,20.0152207001522
20260313,14:29:00,2,000420.SZ,0.0,4.8,0.0,0.0,27.680575,0.0,0.0,0.0,0.0,0.0,6.999999999198181,0.0
20260313,14:30:00,1,300981.SZ,48447.11,15.77,8.539795204289112,3.7793771710669186,2.014028528852251,0.02014028528852251,8018.278743891601,161.49042142487275,1.0,1.0,6.794462733245547,20.0152207001522
20260313,14:30:00,2,000420.SZ,0.0,4.8,0.0,0.0,27.725171187499996,0.0,0.0,0.0,0.0,0.0,6.999999999131124,0.0
20260313,14:31:00,1,300981.SZ,48543.65,15.77,8.522810338431574,3.7689615481902776,2.0180422289156628,0.02018042228915663,8018.278743891601,161.8122510839009,1.0,1.0,6.791067333542586,20.0152207001522
20260313,14:31:00,2,000420.SZ,0.0,4.85,0.0,0.0,27.606312463917526,0.0,0.0,0.0,0.0,0.0,6.999999999159648,0.0
20260313,14:32:00,1,300981.SZ,48917.88,15.77,8.457609318158752,3.7801018817624867,2.033599629042486,0.02033599629042486,8018.278743891601,163.05968679137212,1.0,1.0,6.79469695470382,20.0152207001522
20260313,14:32:00,2,000420.SZ,0.0,4.83,0.0,0.0,27.776549627329196,0.0,0.0,0.0,0.0,0.0,6.999999999099832,0.0
20260313,14:33:00,1,300981.SZ,49089.770000000004,15.77,8.427994674554018,3.775575246190691,2.0407453772986686,0.020407453772986684,8018.278743891601,163.63265280488957,1.0,1.0,6.7932296693349095,20.0152207001522
20260313,14:33:00,2,000420.SZ,0.0,4.84,0.0,0.0,27.794915444214872,0.0,0.0,0.0,0.0,0.0,6.999999999053692,0.0
20260313,14:34:00,1,300981.SZ,49112.990000000005,15.77,8.424009384757158,3.759710200369433,2.0417108275206086,0.020417108275206087,8018.278743891601,163.71006529481826,1.0,1.0,6.788005314510265,20.0152207001522
20260313,14:34:00,2,000420.SZ,0.0,4.89,0.0,0.0,27.631305296523518,0.0,0.0,0.0,0.0,0.0,6.999999999046253,0.0
20260313,14:35:00,1,300981.SZ,49138.15,15.77,8.419695836656413,3.744140378416445,2.042756829422955,0.02042756829422955,8018.278743891601,163.79393664301483,1.0,1.0,6.782752221309936,20.0152207001522
20260313,14:35:00,2,000420.SZ,0.0,4.92,0.0,0.0,27.591547967479674,0.0,0.0,0.0,0.0,0.0,6.999999999046598,0.0
20260313,14:36:00,1,300981.SZ,49194.75,15.77,8.41000917560263,3.7310989363217466,2.0451096797717185,0.020451096797717186,8018.278743891601,163.9825947424053,1.0,1.0,6.778254014529267,20.0152207001522
20260313,14:36:00,2,000420.SZ,0.0,4.89,0.0,0.0,27.832957433537832,0.0,0.0,0.0,0.0,0.0,6.999999998996109,0.0
20260313,14:37:00,1,300981.SZ,49322.78,15.77,8.388178321353017,3.7235706441748406,2.0504322289156627,0.020504322289156628,8018.278743891601,164.40937156904735,1.0,1.0,6.775615911185424,20.0152207001522
20260313,14:37:00,2,000420.SZ,0.0,4.86,0.0,0.0,28.051895606995885,0.0,0.0,0.0,0.0,0.0,6.9999999989190815,0.0
20260313,14:38:00,1,300981.SZ,49373.3,15.77,8.379596154297767,3.7102861367499274,2.0525322289156627,0.020525322289156628,8018.278743891601,164.5777554226691,1.0,1.0,6.770885390269928,20.0152207001522
20260313,14:38:00,2,000420.SZ,0.0,4.84,0.0,0.0,28.197122685950415,0.0,0.0,0.0,0.0,0.0,6.999999998818177,0.0
20260313,14:39:00,1,300981.SZ,49405.44,15.77,8.374144986928766,3.695748381123014,2.0538683291058972,0.02053868329105897,8018.278743891601,164.68488766021974,1.0,1.0,6.765596510935994,20.0152207001522
20260313,14:39:00,2,000420.SZ,0.0,4.83,0.0,0.0,28.292323654244306,0.0,0.0,0.0,0.0,0.0,6.999999998717364,0.0
20260313,14:40:00,1,300981.SZ,49421.42,15.77,8.371437138305053,3.6801395282153297,2.054532679137603,0.02054532679137603,8018.278743891601,164.73815709759705,1.0,1.0,6.759784749260368,20.0152207001522
20260313,14:40:00,2,000420.SZ,0.0,4.84,0.0,0.0,28.279456095041322,0.0,0.0,0.0,0.0,0.0,6.999999998619769,0.0
20260313,14:41:00,1,300981.SZ,49495.759999999995,15.77,8.358862434696759,3.668998501728806,2.0576234273937857,0.020576234273937857,8018.278743891601,164.98598190804975,1.0,1.0,6.755550430136403,20.0152207001522
20260313,14:41:00,2,000420.SZ,0.0,4.82,0.0,0.0,28.430176369294607,0.0,0.0,0.0,0.0,0.0,6.99999999849959,0.0
20260313,14:42:00,1,300981.SZ,49524.990000000005,15.77,8.353929547432259,3.6546282185829573,2.0588384273937854,0.020588384273937853,8018.278743891601,165.083403994788,1.0,1.0,6.749980716327257,20.0152207001522
20260313,14:42:00,2,000420.SZ,0.0,4.81,0.0,0.0,28.55184585239085,0.0,0.0,0.0,0.0,0.0,6.999999998410786,0.0
20260313,14:43:00,1,300981.SZ,49533.64,15.77,8.352471088208956,3.6388750391954328,2.0591979296131897,0.020591979296131897,8018.278743891601,165.11222988483033,1.0,1.0,6.743732276262666,20.0152207001522
20260313,14:43:00,2,000420.SZ,0.0,4.82,0.0,0.0,28.548702780082984,0.0,0.0,0.0,0.0,0.0,6.999999998308347,0.0
20260313,14:44:00,1,300981.SZ,49573.33,15.77,8.345783754758726,3.6255328127069903,2.0608479296131894,0.020608479296131896,8018.278743891601,165.24453148410453,1.0,1.0,6.738320863605837,20.0152207001522
20260313,14:44:00,2,000420.SZ,0.0,4.82,0.0,0.0,28.60159043568465,0.0,0.0,0.0,0.0,0.0,6.999999998195335,0.0
20260313,14:45:00,1,300981.SZ,49592.33,15.77,8.342585729988441,3.610802958809625,2.0616379296131897,0.020616379296131897,8018.278743891601,165.30787588618128,1.0,1.0,6.7322168679961205,20.0152207001522
20260313,14:45:00,2,000420.SZ,0.0,4.8,0.0,0.0,28.80931901041667,0.0,0.0,0.0,0.0,0.0,6.99999999813321,0.0
20260313,14:46:00,1,300981.SZ,49773.32,15.77,8.312249970219561,3.6079453598977165,2.0691619277108435,0.020691619277108435,8018.278743891601,165.91117102633626,1.0,1.0,6.731016677095534,20.0152207001522
20260313,14:46:00,2,000420.SZ,0.0,4.8,0.0,0.0,28.8894151875,0.0,0.0,0.0,0.0,0.0,6.999999998055602,0.0
20260313,14:47:00,1,300981.SZ,49970.42,15.77,8.27946261497703,3.6062761471767577,2.077355979708307,0.020773559797083074,8018.278743891601,166.56819295591234,1.0,1.0,6.730313178052366,20.0152207001522
20260313,14:47:00,2,000420.SZ,0.0,4.8,0.0,0.0,28.950819635416668,0.0,0.0,0.0,0.0,0.0,6.999999997943233,0.0
20260313,14:48:00,1,300981.SZ,50169.990000000005,15.77,8.246528009955918,3.6047985574557795,2.0856524286620166,0.020856524286620166,8018.278743891601,167.23342535886542,1.0,1.0,6.729688939896723,20.0152207001522
20260313,14:48:00,2,000420.SZ,0.0,4.81,0.0,0.0,28.960755686070687,0.0,0.0,0.0,0.0,0.0,6.999999997841617,0.0
20260313,14:49:00,1,300981.SZ,50293.33,15.77,8.226303550471473,3.597880816096181,2.0907800285351934,0.020907800285351934,8018.278743891601,167.64457060956818,1.0,1.0,6.726747574202092,20.0152207001522
20260313,14:49:00,2,000420.SZ,0.0,4.8,0.0,0.0,29.071766010416667,0.0,0.0,0.0,0.0,0.0,6.99999999769843,0.0
20260313,14:50:00,1,300981.SZ,50508.020000000004,15.77,8.191336848868069,3.5975295043242883,2.0997050285351935,0.020997050285351936,8018.278743891601,168.3602019874605,1.0,1.0,6.726597368164858,20.0152207001522
20260313,14:50:00,2,000420.SZ,0.0,4.81,0.0,0.0,29.05289972972973,0.0,0.0,0.0,0.0,0.0,6.999999997528587,0.0
20260313,14:51:00,1,300981.SZ,50742.28,15.77,8.153519010807896,3.5985696926348614,2.1094439283449584,0.021094439283449583,8018.278743891601,169.14109412079577,1.0,1.0,6.727041874698987,20.0152207001522
20260313,14:51:00,2,000420.SZ,0.0,4.82,0.0,0.0,29.03827644190871,0.0,0.0,0.0,0.0,0.0,6.9999999973570475,0.0
20260313,14:52:00,1,300981.SZ,50813.72,15.77,8.142055371443865,3.5881033980563153,2.112413928344959,0.021124139283449587,8018.278743891601,169.3792369994894,1.0,1.0,6.722536922207114,20.0152207001522
20260313,14:52:00,2,000420.SZ,0.0,4.83,0.0,0.0,29.031059855072467,0.0,0.0,0.0,0.0,0.0,6.9999999971924645,0.0
20260313,14:53:00,1,300981.SZ,50860.04,15.77,8.13464050931483,3.5759603924859236,2.1143394292961317,0.021143394292961318,8018.278743891601,169.53362903297074,1.0,1.0,6.7172192673221955,20.0152207001522
20260313,14:53:00,2,000420.SZ,0.0,4.83,0.0,0.0,29.1070184679089,0.0,0.0,0.0,0.0,0.0,6.99999999707562,0.0
20260313,14:54:00,1,300981.SZ,50926.590000000004,15.77,8.124009533644307,3.5653379691316593,2.1171062270133163,0.021171062270133163,8018.278743891601,169.75547858621422,1.0,1.0,6.7124860487978,20.0152207001522
20260313,14:54:00,2,000420.SZ,0.0,4.82,0.0,0.0,29.23536252074689,0.0,0.0,0.0,0.0,0.0,6.999999996934433,0.0
20260313,14:55:00,1,300981.SZ,50948.840000000004,15.77,8.120461564793432,3.5517174467171744,2.1180312270133164,0.021180312270133162,8018.278743891601,169.8296476645952,1.0,1.0,6.706303721200249,20.0152207001522
20260313,14:55:00,2,000420.SZ,0.0,4.82,0.0,0.0,29.30305366182573,0.0,0.0,0.0,0.0,0.0,6.99999999678702,0.0
20260313,14:56:00,1,300981.SZ,51011.770000000004,15.77,8.110443896710704,3.541036134991887,2.1206473272035513,0.021206473272035512,8018.278743891601,170.03941387006773,1.0,1.0,6.701365004263858,20.0152207001522
20260313,14:56:00,2,000420.SZ,0.0,4.82,0.0,0.0,29.389372852697093,0.0,0.0,0.0,0.0,0.0,6.999999996684696,0.0
20260313,14:57:00,1,300981.SZ,51072.87,15.77,8.10074125425721,3.530318425732088,2.123187327203551,0.02123187327203551,8018.278743891601,170.24307815016255,1.0,1.0,6.696328148924515,20.0152207001522
20260313,14:57:00,2,000420.SZ,0.0,4.83,0.0,0.0,29.403464710144927,0.0,0.0,0.0,0.0,0.0,6.999999996548649,0.0
