code,name,price,change_pct,sector,limit_up_days,first_time,last_time,open_count,date,source,m,amount,ltsz,tshare,hs,lbc,fbt,lbt,fund,zbc,limit_up_count
70,特发信息,19.5,9.98307991027832,通信设备,3,92500.0,100403.0,1.0,20260212,akshare_em,,,,,,,,,,,
1896,豫能控股,8.29,9.94694995880127,电力,2,92500.0,92500.0,0.0,20260212,akshare_em,,,,,,,,,,,
603757,大元泵业,44.45,9.997525215148926,通用设备,1,92501.0,92501.0,0.0,20260212,akshare_em,,,,,,,,,,,
600589,大位科技,13.86,10.0,IT服务Ⅱ,4,92502.0,92502.0,0.0,20260212,akshare_em,,,,,,,,,,,
603138,海量数据,22.62,10.019454956054688,IT服务Ⅱ,2,92502.0,101925.0,2.0,20260212,akshare_em,,,,,,,,,,,
603533,掌阅科技,34.2,10.003216743469238,数字媒体,4,92503.0,92503.0,0.0,20260212,akshare_em,,,,,,,,,,,
605033,美邦股份,26.06,10.004220962524414,农化制品,2,92503.0,92503.0,0.0,20260212,akshare_em,,,,,,,,,,,
600397,江钨装备,14.31,9.992313385009766,专用设备,2,93000.0,93000.0,0.0,20260212,akshare_em,,,,,,,,,,,
2272,川润股份,18.12,10.018214225769045,通用设备,1,93000.0,93000.0,0.0,20260212,akshare_em,,,,,,,,,,,
600821,金开新能,6.51,9.966216087341309,电力,1,93000.0,93000.0,0.0,20260212,akshare_em,,,,,,,,,,,
603950,长源东谷,39.68,10.00831699371338,汽车零部,1,93046.0,100128.0,2.0,20260212,akshare_em,,,,,,,,,,,
2248,华东数控,14.01,9.968603134155272,通用设备,1,93224.0,95200.0,2.0,20260212,akshare_em,,,,,,,,,,,
2951,金时科技,17.71,10.0,其他电源,2,93657.0,93657.0,0.0,20260212,akshare_em,,,,,,,,,,,
2323,雅博股份,2.62,10.084033966064451,专业工程,4,93712.0,93712.0,0.0,20260212,akshare_em,,,,,,,,,,,
603256,宏和科技,73.27,9.998498916625977,玻璃玻纤,2,93756.0,93835.0,1.0,20260212,akshare_em,,,,,,,,,,,
601872,招商轮船,13.22,9.983360290527344,航运港口,1,93841.0,100032.0,3.0,20260212,akshare_em,,,,,,,,,,,
605006,山东玻纤,10.2,10.032362937927246,玻璃玻纤,2,94111.0,94111.0,0.0,20260212,akshare_em,,,,,,,,,,,
2837,英维克,109.45,10.0,专用设备,1,94139.0,111524.0,4.0,20260212,akshare_em,,,,,,,,,,,
2378,章源钨业,30.4,9.985527992248535,小金属,2,94142.0,140218.0,13.0,20260212,akshare_em,,,,,,,,,,,
603088,宁波精达,12.76,10.0,通用设备,1,94651.0,94651.0,0.0,20260212,akshare_em,,,,,,,,,,,
833,粤桂股份,22.46,9.990205764770508,综合Ⅱ,1,95315.0,102157.0,2.0,20260212,akshare_em,,,,,,,,,,,
2975,博杰股份,83.03,10.002649307250977,自动化设,1,100021.0,100021.0,0.0,20260212,akshare_em,,,,,,,,,,,
601231,环旭电子,42.08,10.01307201385498,消费电子,1,100113.0,100113.0,0.0,20260212,akshare_em,,,,,,,,,,,
2520,日发精机,6.71,10.0,通用设备,1,100636.0,103912.0,2.0,20260212,akshare_em,,,,,,,,,,,
767,晋控电力,3.62,10.030394554138184,电力,1,100751.0,100751.0,0.0,20260212,akshare_em,,,,,,,,,,,
2824,和胜股份,24.9,9.982332229614258,工业金属,1,100803.0,100803.0,0.0,20260212,akshare_em,,,,,,,,,,,
600490,鹏欣资源,9.86,10.044642448425291,工业金属,1,100849.0,102058.0,1.0,20260212,akshare_em,,,,,,,,,,,
603688,石英股份,47.47,10.011587142944336,非金属材,1,101114.0,103750.0,2.0,20260212,akshare_em,,,,,,,,,,,
533,顺钠股份,12.01,9.981684684753418,电网设备,1,101721.0,101721.0,0.0,20260212,akshare_em,,,,,,,,,,,
603191,望变电气,24.21,9.99545669555664,电网设备,1,102008.0,102405.0,1.0,20260212,akshare_em,,,,,,,,,,,
301317,鑫磊股份,48.62,19.99012756347656,通用设备,1,103018.0,103018.0,0.0,20260212,akshare_em,,,,,,,,,,,
688158,优刻得-W,45.05,20.005327224731445,IT服务Ⅱ,1,103403.0,112412.0,3.0,20260212,akshare_em,,,,,,,,,,,
600026,中远海能,18.73,9.982383728027344,航运港口,1,103631.0,145034.0,4.0,20260212,akshare_em,,,,,,,,,,,
2478,常宝股份,11.31,10.019454956054688,特钢Ⅱ,1,103736.0,103736.0,0.0,20260212,akshare_em,,,,,,,,,,,
300277,海联讯,21.08,19.97723388671875,IT服务Ⅱ,1,104421.0,104421.0,0.0,20260212,akshare_em,,,,,,,,,,,
2842,翔鹭钨业,38.51,9.997143745422363,小金属,2,104842.0,144412.0,1.0,20260212,akshare_em,,,,,,,,,,,
2498,汉缆股份,6.15,10.017889022827148,电网设备,1,105118.0,145218.0,3.0,20260212,akshare_em,,,,,,,,,,,
603308,应流股份,67.29,10.00490379333496,通用设备,1,105251.0,110551.0,1.0,20260212,akshare_em,,,,,,,,,,,
2364,中恒电气,34.97,10.003146171569824,其他电源,1,110812.0,110812.0,0.0,20260212,akshare_em,,,,,,,,,,,
601126,四方股份,42.78,10.002571105957031,电网设备,1,110826.0,110826.0,0.0,20260212,akshare_em,,,,,,,,,,,
688480,赛恩斯,98.72,19.99513816833496,环境治理,1,111103.0,111103.0,0.0,20260212,akshare_em,,,,,,,,,,,
2518,科士达,55.8,9.994086265563965,其他电源,1,111530.0,111530.0,0.0,20260212,akshare_em,,,,,,,,,,,
600673,东阳光,36.58,10.015037536621094,综合Ⅱ,1,111654.0,111654.0,0.0,20260212,akshare_em,,,,,,,,,,,
2885,京泉华,29.22,10.015060424804688,其他电子,1,112127.0,112127.0,0.0,20260212,akshare_em,,,,,,,,,,,
600960,渤海汽车,5.67,10.097086906433104,汽车零部,1,112913.0,112913.0,0.0,20260212,akshare_em,,,,,,,,,,,
603090,宏盛股份,77.02,9.997143745422363,通用设备,1,130015.0,130015.0,0.0,20260212,akshare_em,,,,,,,,,,,
2922,伊戈尔,46.38,10.009488105773926,其他电子,1,130257.0,130257.0,0.0,20260212,akshare_em,,,,,,,,,,,
628,高新发展,55.85,10.005908966064451,房屋建设,1,130654.0,141018.0,15.0,20260212,akshare_em,,,,,,,,,,,
601619,嘉泽新能,5.86,9.94371509552002,电力,1,131007.0,131007.0,0.0,20260212,akshare_em,,,,,,,,,,,
605318,法狮龙,75.11,10.002928733825684,装修建材,1,132154.0,132733.0,1.0,20260212,akshare_em,,,,,,,,,,,
300846,首都在线,33.76,20.014219284057617,IT服务Ⅱ,1,132321.0,132321.0,0.0,20260212,akshare_em,,,,,,,,,,,
600481,双良节能,10.71,9.958932876586914,光伏设备,1,132656.0,132656.0,0.0,20260212,akshare_em,,,,,,,,,,,
2796,世嘉科技,48.4,10.0,通信设备,1,133006.0,133006.0,0.0,20260212,akshare_em,,,,,,,,,,,
2080,中材科技,49.87,9.991177558898926,玻璃玻纤,2,133303.0,134900.0,4.0,20260212,akshare_em,,,,,,,,,,,
605018,长华集团,12.58,9.965035438537598,汽车零部,1,133948.0,133948.0,0.0,20260212,akshare_em,,,,,,,,,,,
962,东方钽业,48.99,9.991019248962402,小金属,2,134524.0,144409.0,2.0,20260212,akshare_em,,,,,,,,,,,
2131,利欧股份,9.08,10.060606002807615,通用设备,1,135436.0,135436.0,0.0,20260212,akshare_em,,,,,,,,,,,
605287,德才股份,67.36,9.993468284606934,装修装饰,4,141230.0,150000.0,5.0,20260212,akshare_em,,,,,,,,,,,
600545,卓郎智能,3.28,10.067113876342772,专用设备,2,143844.0,144847.0,2.0,20260212,akshare_em,,,,,,,,,,,
2208,合肥城建,15.58,10.028247833251951,房地产开,1,144848.0,144848.0,0.0,20260212,akshare_em,,,,,,,,,,,
70,特发信息,17.73,9.987592697143556,通信设备,2,92500.0,92500.0,0.0,20260211,akshare_em,,,,,,,,,,,
600589,大位科技,12.6,10.043667793273926,IT服务Ⅱ,3,92500.0,92500.0,0.0,20260211,akshare_em,,,,,,,,,,,
892,欢瑞世纪,9.87,10.033445358276367,影视院线,3,92500.0,94927.0,3.0,20260211,akshare_em,,,,,,,,,,,
605287,德才股份,61.24,10.005389213562012,装修装饰,3,92500.0,143315.0,9.0,20260211,akshare_em,,,,,,,,,,,
2723,小崧股份,11.62,10.03787899017334,照明设备,2,92500.0,144239.0,2.0,20260211,akshare_em,,,,,,,,,,,
1896,豫能控股,7.54,10.072992324829102,电力,1,92500.0,92500.0,0.0,20260211,akshare_em,,,,,,,,,,,
603533,掌阅科技,31.09,10.014154434204102,数字媒体,3,92501.0,92501.0,0.0,20260211,akshare_em,,,,,,,,,,,
603729,龙韵股份,23.76,10.0,广告营销,3,92501.0,92501.0,0.0,20260211,akshare_em,,,,,,,,,,,
1217,华尔泰,16.65,9.97357940673828,化学原料,1,93000.0,93000.0,0.0,20260211,akshare_em,,,,,,,,,,,
2323,雅博股份,2.38,10.185185432434082,专业工程,3,93003.0,93003.0,0.0,20260211,akshare_em,,,,,,,,,,,
2455,百川股份,14.83,10.014836311340332,化学制品,4,93042.0,93657.0,1.0,20260211,akshare_em,,,,,,,,,,,
605006,山东玻纤,9.27,9.964412689208984,玻璃玻纤,1,93054.0,93054.0,0.0,20260211,akshare_em,,,,,,,,,,,
2757,南兴股份,24.52,10.004486083984377,专用设备,1,93245.0,93245.0,0.0,20260211,akshare_em,,,,,,,,,,,
600545,卓郎智能,2.98,9.963099479675291,专用设备,1,93252.0,150000.0,4.0,20260211,akshare_em,,,,,,,,,,,
2080,中材科技,45.34,9.99514865875244,玻璃玻纤,1,93306.0,93306.0,0.0,20260211,akshare_em,,,,,,,,,,,
603138,海量数据,20.56,10.00535011291504,IT服务Ⅱ,1,93350.0,94638.0,1.0,20260211,akshare_em,,,,,,,,,,,
603608,天创时尚,11.5,10.047846794128418,服装家纺,1,93434.0,101128.0,2.0,20260211,akshare_em,,,,,,,,,,,
600176,中国巨石,25.65,9.99142360687256,玻璃玻纤,1,93436.0,132648.0,2.0,20260211,akshare_em,,,,,,,,,,,
301526,国际复材,11.8,20.04069328308105,玻璃玻纤,1,93609.0,93609.0,0.0,20260211,akshare_em,,,,,,,,,,,
603968,醋化股份,15.68,10.03508758544922,化学制品,2,93703.0,94215.0,1.0,20260211,akshare_em,,,,,,,,,,,
603256,宏和科技,66.61,10.008257865905762,玻璃玻纤,1,93738.0,93738.0,0.0,20260211,akshare_em,,,,,,,,,,,
2842,翔鹭钨业,35.01,9.990574836730955,小金属,1,93918.0,93918.0,0.0,20260211,akshare_em,,,,,,,,,,,
300819,聚杰微纤,52.56,20.0,纺织制造,1,94142.0,101539.0,1.0,20260211,akshare_em,,,,,,,,,,,
603601,再升科技,12.1,10.0,专业工程,1,94249.0,132019.0,1.0,20260211,akshare_em,,,,,,,,,,,
2378,章源钨业,27.64,9.988061904907228,小金属,1,94400.0,94712.0,2.0,20260211,akshare_em,,,,,,,,,,,
603682,锦和商管,7.73,9.957324981689451,一般零售,1,94405.0,94405.0,0.0,20260211,akshare_em,,,,,,,,,,,
605033,美邦股份,23.69,9.981430053710938,农化制品,1,94717.0,94717.0,0.0,20260211,akshare_em,,,,,,,,,,,
600397,江钨装备,13.01,9.97464084625244,专用设备,1,95217.0,105344.0,2.0,20260211,akshare_em,,,,,,,,,,,
603980,吉华集团,8.72,9.96216869354248,化学制品,3,95534.0,133843.0,9.0,20260211,akshare_em,,,,,,,,,,,
2951,金时科技,16.1,9.97267723083496,其他电源,1,95548.0,95548.0,0.0,20260211,akshare_em,,,,,,,,,,,
600186,莲花控股,6.63,9.95024871826172,调味发酵,1,100246.0,102516.0,2.0,20260211,akshare_em,,,,,,,,,,,
603629,利通电子,57.12,9.994222640991213,消费电子,1,100751.0,133609.0,11.0,20260211,akshare_em,,,,,,,,,,,
510,新金路,16.48,10.013350486755373,化学原料,1,102045.0,102045.0,0.0,20260211,akshare_em,,,,,,,,,,,
600980,北矿科技,26.44,9.983360290527344,专用设备,1,102304.0,102304.0,0.0,20260211,akshare_em,,,,,,,,,,,
600292,电投水电,15.49,10.014204978942873,环境治理,1,102848.0,145542.0,1.0,20260211,akshare_em,,,,,,,,,,,
688035,德邦科技,61.82,19.99223518371582,电子化学,1,102944.0,140847.0,5.0,20260211,akshare_em,,,,,,,,,,,
659,珠海中富,4.84,10.0,包装印刷,1,103300.0,144151.0,4.0,20260211,akshare_em,,,,,,,,,,,
2340,格林美,9.5,9.95370388031006,电池,1,103830.0,143330.0,4.0,20260211,akshare_em,,,,,,,,,,,
3018,金富科技,23.54,10.0,包装印刷,1,104318.0,104318.0,0.0,20260211,akshare_em,,,,,,,,,,,
962,东方钽业,44.54,10.002470016479492,小金属,1,105142.0,105142.0,0.0,20260211,akshare_em,,,,,,,,,,,
2270,华明装备,34.75,10.003166198730469,电网设备,1,110618.0,110618.0,0.0,20260211,akshare_em,,,,,,,,,,,
603125,常青科技,20.17,9.978190422058104,化学制品,1,111641.0,130005.0,4.0,20260211,akshare_em,,,,,,,,,,,
600722,金牛化工,10.34,10.0,化学原料,1,111715.0,111715.0,0.0,20260211,akshare_em,,,,,,,,,,,
2470,金正大,2.27,10.194174766540527,农化制品,1,112345.0,112345.0,0.0,20260211,akshare_em,,,,,,,,,,,
657,中钨高新,52.37,9.997900009155272,小金属,1,131227.0,131227.0,0.0,20260211,akshare_em,,,,,,,,,,,
601121,宝地矿业,8.71,9.974746704101562,冶钢原料,1,132034.0,132034.0,0.0,20260211,akshare_em,,,,,,,,,,,
1376,百通能源,21.13,9.994794845581056,电力,1,133421.0,133421.0,0.0,20260211,akshare_em,,,,,,,,,,,
2254,泰和新材,13.64,10.0,化学纤维,1,133754.0,133754.0,0.0,20260211,akshare_em,,,,,,,,,,,
600583,海油工程,7.17,9.969325065612791,油服工程,1,135629.0,143505.0,1.0,20260211,akshare_em,,,,,,,,,,,
1267,汇绿生态,28.93,10.0,基础建设,1,140636.0,140636.0,0.0,20260211,akshare_em,,,,,,,,,,,
1359,平安电工,85.2,10.00645637512207,塑料,1,141433.0,141433.0,0.0,20260211,akshare_em,,,,,,,,,,,
301231,荣信文化,50.69,20.00473403930664,出版,2,92500.0,92500.0,0.0,20260210,akshare_em,,,,,,,,,,,
2723,小崧股份,10.56,10.0,照明设备,1,92500.0,92500.0,0.0,20260210,akshare_em,,,,,,,,,,,
2455,百川股份,13.48,10.040816307067873,化学制品,3,92500.0,92500.0,0.0,20260210,akshare_em,,,,,,,,,,,
892,欢瑞世纪,8.97,10.061349868774414,影视院线,2,92500.0,92500.0,0.0,20260210,akshare_em,,,,,,,,,,,
2429,兆驰股份,11.37,9.961315155029297,黑色家电,2,92500.0,92500.0,0.0,20260210,akshare_em,,,,,,,,,,,
603729,龙韵股份,21.6,9.979633331298828,广告营销,2,92501.0,92501.0,0.0,20260210,akshare_em,,,,,,,,,,,
603533,掌阅科技,28.26,10.003891944885254,数字媒体,2,92501.0,92501.0,0.0,20260210,akshare_em,,,,,,,,,,,
605287,德才股份,55.67,9.998023986816406,装修装饰,2,92501.0,92501.0,0.0,20260210,akshare_em,,,,,,,,,,,
600589,大位科技,11.45,9.990394592285156,IT服务Ⅱ,2,92502.0,92502.0,0.0,20260210,akshare_em,,,,,,,,,,,
603980,吉华集团,7.93,9.986129760742188,化学制品,2,92502.0,92502.0,0.0,20260210,akshare_em,,,,,,,,,,,
601595,上海电影,35.78,9.990777969360352,影视院线,2,93007.0,94810.0,3.0,20260210,akshare_em,,,,,,,,,,,
603000,人民网,26.27,10.00837516784668,数字媒体,1,93013.0,93013.0,0.0,20260210,akshare_em,,,,,,,,,,,
70,特发信息,16.12,10.034130096435549,通信设备,1,93039.0,93039.0,0.0,20260210,akshare_em,,,,,,,,,,,
2806,华锋股份,16.1,9.97267723083496,汽车零部,1,93148.0,144912.0,3.0,20260210,akshare_em,,,,,,,,,,,
603466,风语筑,10.96,10.0401611328125,数字媒体,2,93204.0,93204.0,0.0,20260210,akshare_em,,,,,,,,,,,
1330,博纳影业,12.47,9.964726448059082,影视院线,2,93236.0,93236.0,0.0,20260210,akshare_em,,,,,,,,,,,
156,华数传媒,9.83,9.955257415771484,电视广播,1,93303.0,95936.0,1.0,20260210,akshare_em,,,,,,,,,,,
600715,文投控股,2.61,10.126582145690918,游戏Ⅱ,1,93519.0,93519.0,0.0,20260210,akshare_em,,,,,,,,,,,
603103,横店影视,40.41,9.989112854003906,影视院线,2,93606.0,93657.0,1.0,20260210,akshare_em,,,,,,,,,,,
601599,浙文影业,5.64,9.941520690917969,纺织制造,1,93614.0,93859.0,2.0,20260210,akshare_em,,,,,,,,,,,
300182,捷成股份,8.45,20.028409957885746,影视院线,2,93618.0,93618.0,0.0,20260210,akshare_em,,,,,,,,,,,
56,皇庭国际,2.41,10.045661926269531,房地产服,1,93824.0,132703.0,9.0,20260210,akshare_em,,,,,,,,,,,
300749,顶固集创,25.72,20.018665313720703,家居用品,2,93851.0,144406.0,10.0,20260210,akshare_em,,,,,,,,,,,
2323,雅博股份,2.16,10.204081535339355,专业工程,2,94109.0,100327.0,3.0,20260210,akshare_em,,,,,,,,,,,
2655,共达电声,14.08,10.0,消费电子,1,94303.0,100806.0,2.0,20260210,akshare_em,,,,,,,,,,,
859,国风新材,11.66,10.0,塑料,1,94724.0,94806.0,1.0,20260210,akshare_em,,,,,,,,,,,
815,美利云,15.53,9.985836029052734,IT服务Ⅱ,1,94851.0,131221.0,4.0,20260210,akshare_em,,,,,,,,,,,
839,国安股份,3.27,10.1010103225708,通信服务,1,95051.0,95430.0,1.0,20260210,akshare_em,,,,,,,,,,,
301085,亚康股份,77.82,20.0,IT服务Ⅱ,1,95057.0,130454.0,1.0,20260210,akshare_em,,,,,,,,,,,
603115,海星股份,25.43,9.99134922027588,工业金属,1,95246.0,95246.0,0.0,20260210,akshare_em,,,,,,,,,,,
605060,联德股份,58.03,10.009478569030762,通用设备,2,95331.0,145319.0,2.0,20260210,akshare_em,,,,,,,,,,,
603888,新华网,27.23,10.020201683044434,数字媒体,1,95359.0,112314.0,1.0,20260210,akshare_em,,,,,,,,,,,
2905,金逸影视,15.04,10.02194595336914,影视院线,1,95415.0,111209.0,1.0,20260210,akshare_em,,,,,,,,,,,
603301,振德医疗,88.76,10.001238822937012,医疗器械,2,95801.0,95825.0,1.0,20260210,akshare_em,,,,,,,,,,,
601869,长飞光纤,211.48,10.002601623535156,通信设备,2,95811.0,133450.0,2.0,20260210,akshare_em,,,,,,,,,,,
603320,迪贝电气,25.26,10.01742172241211,电机Ⅱ,1,100117.0,100117.0,0.0,20260210,akshare_em,,,,,,,,,,,
603058,永吉股份,13.53,10.0,包装印刷,1,100648.0,100648.0,0.0,20260210,akshare_em,,,,,,,,,,,
2082,万邦德,18.59,10.0,化学制药,1,101000.0,101000.0,0.0,20260210,akshare_em,,,,,,,,,,,
603999,读者传媒,8.87,10.049627304077148,出版,1,102051.0,102051.0,0.0,20260210,akshare_em,,,,,,,,,,,
603960,克来机电,24.55,9.991039276123049,自动化设,1,102217.0,103859.0,1.0,20260210,akshare_em,,,,,,,,,,,
301025,读客文化,13.9,20.034542083740234,出版,1,102609.0,102609.0,0.0,20260210,akshare_em,,,,,,,,,,,
2159,三特索道,18.37,10.0,旅游及景,1,104321.0,145554.0,4.0,20260210,akshare_em,,,,,,,,,,,
818,航锦科技,23.62,10.013973236083984,化学原料,1,104524.0,104524.0,0.0,20260210,akshare_em,,,,,,,,,,,
600207,安彩高科,5.61,10.0,光伏设备,1,105141.0,105141.0,0.0,20260210,akshare_em,,,,,,,,,,,
600977,中国电影,20.74,10.026524543762209,影视院线,1,105813.0,105813.0,0.0,20260210,akshare_em,,,,,,,,,,,
300251,光线传媒,25.56,20.0,影视院线,1,110312.0,110312.0,0.0,20260210,akshare_em,,,,,,,,,,,
300364,中文在线,42.34,20.01133918762207,数字媒体,2,110433.0,110433.0,0.0,20260210,akshare_em,,,,,,,,,,,
300528,幸福蓝海,29.46,20.0,影视院线,1,110936.0,145609.0,2.0,20260210,akshare_em,,,,,,,,,,,
2292,奥飞娱乐,10.88,10.01011085510254,影视院线,1,111730.0,130703.0,1.0,20260210,akshare_em,,,,,,,,,,,
603968,醋化股份,14.25,10.038609504699709,化学制品,1,112022.0,112022.0,0.0,20260210,akshare_em,,,,,,,,,,,
603598,引力传媒,31.3,10.017574310302734,广告营销,2,112126.0,112126.0,0.0,20260210,akshare_em,,,,,,,,,,,
600088,中视传媒,20.01,10.005496978759766,影视院线,1,112202.0,112950.0,1.0,20260210,akshare_em,,,,,,,,,,,
681,视觉中国,30.49,9.992785453796388,数字媒体,1,112203.0,112203.0,0.0,20260210,akshare_em,,,,,,,,,,,
2597,金禾实业,26.22,9.983221054077148,化学制品,1,130003.0,131230.0,1.0,20260210,akshare_em,,,,,,,,,,,
559,万向钱潮,19.53,10.028169631958008,汽车零部,1,134406.0,134406.0,0.0,20260210,akshare_em,,,,,,,,,,,
600482,中国动力,29.85,9.98526096343994,其他电源,1,134523.0,134523.0,0.0,20260210,akshare_em,,,,,,,,,,,
2969,嘉美包装,30.42,10.018083572387695,包装印刷,1,134948.0,145448.0,5.0,20260210,akshare_em,,,,,,,,,,,
2181,粤 传 媒,13.23,9.975062370300291,出版,1,143933.0,143933.0,0.0,20260210,akshare_em,,,,,,,,,,,
2739,万达电影,13.87,9.992070198059082,影视院线,1,144045.0,144045.0,0.0,20260210,akshare_em,,,,,,,,,,,
2302,西部建设,6.72,9.983633041381836,水泥,1,144548.0,144548.0,0.0,20260210,akshare_em,,,,,,,,,,,
300912,凯龙高科,41.16,20.0,汽车零部,4,92500.0,92500.0,0.0,20260209,akshare_em,,,,,,,,,,,
3018,金富科技,22.59,9.980525970458984,包装印刷,3,92500.0,92500.0,0.0,20260209,akshare_em,,,,,,,,,,,
2099,海翔药业,8.26,9.986684799194336,化学制药,2,92500.0,131339.0,3.0,20260209,akshare_em,,,,,,,,,,,
14,沙河股份,14.53,9.992429733276367,房地产开,1,92500.0,92500.0,0.0,20260209,akshare_em,,,,,,,,,,,
892,欢瑞世纪,8.15,9.986504554748535,影视院线,1,92500.0,92500.0,0.0,20260209,akshare_em,,,,,,,,,,,
2429,兆驰股份,10.34,10.0,黑色家电,1,92500.0,92500.0,0.0,20260209,akshare_em,,,,,,,,,,,
301231,荣信文化,42.24,20.0,出版,1,92500.0,92500.0,0.0,20260209,akshare_em,,,,,,,,,,,
301262,海看股份,32.65,19.99264907836914,广告营销,1,92500.0,92500.0,0.0,20260209,akshare_em,,,,,,,,,,,
600884,杉杉股份,15.81,10.02087688446045,电池,2,92501.0,92501.0,0.0,20260209,akshare_em,,,,,,,,,,,
603533,掌阅科技,25.69,10.02141284942627,数字媒体,1,92501.0,92501.0,0.0,20260209,akshare_em,,,,,,,,,,,
603729,龙韵股份,19.64,10.028011322021484,广告营销,1,92501.0,92501.0,0.0,20260209,akshare_em,,,,,,,,,,,
603980,吉华集团,7.21,10.076335906982422,化学制品,1,92501.0,92501.0,0.0,20260209,akshare_em,,,,,,,,,,,
600586,金晶科技,7.45,10.044313430786133,玻璃玻纤,1,92502.0,92502.0,0.0,20260209,akshare_em,,,,,,,,,,,
603466,风语筑,9.96,10.055248260498049,数字媒体,1,92502.0,92502.0,0.0,20260209,akshare_em,,,,,,,,,,,
601595,上海电影,32.53,10.01014518737793,影视院线,1,92504.0,92504.0,0.0,20260209,akshare_em,,,,,,,,,,,
605287,德才股份,50.61,9.99782657623291,装修装饰,1,92504.0,92504.0,0.0,20260209,akshare_em,,,,,,,,,,,
2455,百川股份,12.25,9.964093208312988,化学制品,2,93000.0,93000.0,0.0,20260209,akshare_em,,,,,,,,,,,
2624,完美世界,21.53,10.015329360961914,游戏Ⅱ,2,93000.0,93109.0,1.0,20260209,akshare_em,,,,,,,,,,,
1330,博纳影业,11.34,9.990301132202148,影视院线,1,93000.0,95633.0,3.0,20260209,akshare_em,,,,,,,,,,,
300364,中文在线,35.28,20.0,数字媒体,1,93000.0,93000.0,0.0,20260209,akshare_em,,,,,,,,,,,
603191,望变电气,22.29,10.019742965698242,电网设备,1,93001.0,141646.0,16.0,20260209,akshare_em,,,,,,,,,,,
603103,横店影视,36.74,10.0,影视院线,1,93008.0,95408.0,5.0,20260209,akshare_em,,,,,,,,,,,
2438,江苏神通,18.43,10.029850959777832,通用设备,1,93109.0,93200.0,1.0,20260209,akshare_em,,,,,,,,,,,
603626,科森科技,26.65,9.987618446350098,消费电子,2,93138.0,94232.0,4.0,20260209,akshare_em,,,,,,,,,,,
2830,名雕股份,33.72,10.016313552856444,装修装饰,2,93142.0,93142.0,0.0,20260209,akshare_em,,,,,,,,,,,
2506,协鑫集成,5.04,10.043667793273926,光伏设备,4,93148.0,93148.0,0.0,20260209,akshare_em,,,,,,,,,,,
2440,闰土股份,14.53,9.992429733276367,化学制品,2,93200.0,93200.0,0.0,20260209,akshare_em,,,,,,,,,,,
603188,亚邦股份,5.87,9.925093650817873,化学制品,1,93342.0,102121.0,1.0,20260209,akshare_em,,,,,,,,,,,
603829,洛凯股份,26.06,10.004220962524414,电网设备,1,93419.0,93419.0,0.0,20260209,akshare_em,,,,,,,,,,,
600589,大位科技,10.41,10.042283058166504,IT服务Ⅱ,1,93422.0,93422.0,0.0,20260209,akshare_em,,,,,,,,,,,
600722,金牛化工,9.5,9.95370388031006,化学原料,2,93706.0,94530.0,2.0,20260209,akshare_em,,,,,,,,,,,
600392,盛和资源,27.14,10.012160301208496,小金属,1,93709.0,132809.0,4.0,20260209,akshare_em,,,,,,,,,,,
600841,动力新科,10.51,10.052355766296388,汽车零部,1,93849.0,143752.0,6.0,20260209,akshare_em,,,,,,,,,,,
2323,雅博股份,1.96,10.112359046936035,专业工程,1,94024.0,94024.0,0.0,20260209,akshare_em,,,,,,,,,,,
300749,顶固集创,21.43,19.98880195617676,家居用品,1,94218.0,143645.0,20.0,20260209,akshare_em,,,,,,,,,,,
688503,聚和材料,89.23,19.99731063842773,光伏设备,1,94301.0,142925.0,16.0,20260209,akshare_em,,,,,,,,,,,
600477,杭萧钢构,4.14,10.106383323669434,专业工程,1,94324.0,94324.0,0.0,20260209,akshare_em,,,,,,,,,,,
2218,拓日新能,7.96,9.944750785827637,电力,1,94454.0,145515.0,4.0,20260209,akshare_em,,,,,,,,,,,
2296,辉煌科技,14.15,10.03110408782959,通信设备,1,94509.0,94509.0,0.0,20260209,akshare_em,,,,,,,,,,,
2534,西子洁能,19.54,10.022522926330566,其他电源,1,94730.0,94730.0,0.0,20260209,akshare_em,,,,,,,,,,,
603301,振德医疗,80.69,10.006816864013672,医疗器械,1,94800.0,94800.0,0.0,20260209,akshare_em,,,,,,,,,,,
300982,苏文电能,26.16,20.0,基础建设,1,94836.0,94836.0,0.0,20260209,akshare_em,,,,,,,,,,,
2623,亚玛顿,30.97,10.017762184143066,光伏设备,1,94930.0,94930.0,0.0,20260209,akshare_em,,,,,,,,,,,
600751,海航科技,4.36,10.1010103225708,航运港口,1,95028.0,143419.0,9.0,20260209,akshare_em,,,,,,,,,,,
2309,中利集团,3.43,9.935897827148438,光伏设备,1,95030.0,95030.0,0.0,20260209,akshare_em,,,,,,,,,,,
2129,TCL中环,11.68,9.98116683959961,光伏设备,1,95109.0,132603.0,1.0,20260209,akshare_em,,,,,,,,,,,
605598,上海港湾,63.89,10.003443717956545,专业工程,1,95649.0,95649.0,0.0,20260209,akshare_em,,,,,,,,,,,
300182,捷成股份,7.04,19.93185806274414,影视院线,1,95727.0,101406.0,2.0,20260209,akshare_em,,,,,,,,,,,
600172,黄河旋风,8.18,9.946236610412598,通用设备,1,100119.0,100119.0,0.0,20260209,akshare_em,,,,,,,,,,,
1266,宏英智能,37.32,9.991158485412598,自动化设,1,100215.0,100906.0,1.0,20260209,akshare_em,,,,,,,,,,,
605060,联德股份,52.75,10.010427474975586,通用设备,1,100353.0,100653.0,2.0,20260209,akshare_em,,,,,,,,,,,
688025,杰普特,212.75,20.001129150390625,自动化设,1,101015.0,150000.0,1.0,20260209,akshare_em,,,,,,,,,,,
603308,应流股份,57.18,10.0038480758667,通用设备,1,101102.0,104011.0,3.0,20260209,akshare_em,,,,,,,,,,,
2054,德美化工,11.06,10.04975128173828,化学制品,2,101133.0,111527.0,9.0,20260209,akshare_em,,,,,,,,,,,
603031,安孚科技,59.4,10.0,电池,1,101452.0,101452.0,0.0,20260209,akshare_em,,,,,,,,,,,
571,新大洲A,6.75,9.934853553771973,煤炭开采,1,101818.0,101818.0,0.0,20260209,akshare_em,,,,,,,,,,,
2501,利源股份,2.16,10.204081535339355,工业金属,1,102118.0,102118.0,0.0,20260209,akshare_em,,,,,,,,,,,
600666,奥瑞德,3.78,9.883721351623535,光学光电,1,102750.0,102750.0,0.0,20260209,akshare_em,,,,,,,,,,,
600330,天通股份,17.05,10.0,电子化学,1,103011.0,103011.0,0.0,20260209,akshare_em,,,,,,,,,,,
1326,联域股份,61.93,10.0,照明设备,1,104200.0,104200.0,0.0,20260209,akshare_em,,,,,,,,,,,
2272,川润股份,16.93,10.006497383117676,通用设备,1,104251.0,104251.0,0.0,20260209,akshare_em,,,,,,,,,,,
600590,泰豪科技,12.68,9.973980903625488,军工电子,1,104316.0,112343.0,1.0,20260209,akshare_em,,,,,,,,,,,
2015,协鑫能科,13.27,10.033166885375977,电力,2,104333.0,104524.0,1.0,20260209,akshare_em,,,,,,,,,,,
16,深康佳Ａ,4.05,10.05434799194336,白色家电,1,104630.0,104630.0,0.0,20260209,akshare_em,,,,,,,,,,,
600875,东方电气,28.77,10.019120216369627,其他电源,1,104934.0,134622.0,4.0,20260209,akshare_em,,,,,,,,,,,
601869,长飞光纤,192.25,10.001716613769531,通信设备,1,105417.0,133247.0,4.0,20260209,akshare_em,,,,,,,,,,,
603598,引力传媒,28.45,10.015467643737791,广告营销,1,105914.0,112214.0,1.0,20260209,akshare_em,,,,,,,,,,,
603163,圣晖集成,111.86,10.000983238220217,专业工程,1,111305.0,111305.0,0.0,20260209,akshare_em,,,,,,,,,,,
2079,苏州固锝,11.81,9.962756156921388,电池,1,130106.0,130106.0,0.0,20260209,akshare_em,,,,,,,,,,,
603929,亚翔集成,149.27,10.0,专业工程,1,130208.0,130208.0,0.0,20260209,akshare_em,,,,,,,,,,,
603629,利通电子,50.61,9.99782657623291,消费电子,1,130721.0,145003.0,9.0,20260209,akshare_em,,,,,,,,,,,
601360,三六零,12.91,9.96592903137207,软件开发,1,131020.0,133802.0,2.0,20260209,akshare_em,,,,,,,,,,,
600185,珠免集团,8.28,9.960159301757812,旅游零售,1,131710.0,140552.0,2.0,20260209,akshare_em,,,,,,,,,,,
2716,湖南白银,14.12,9.968847274780272,贵金属,1,131839.0,140109.0,2.0,20260209,akshare_em,,,,,,,,,,,
300480,光力科技,26.62,20.01803398132324,专用设备,1,132409.0,141803.0,2.0,20260209,akshare_em,,,,,,,,,,,
301232,飞沃科技,231.04,20.002077102661133,风电设备,1,133736.0,144915.0,1.0,20260209,akshare_em,,,,,,,,,,,
605566,福莱蒽特,34.19,10.00643539428711,化学制品,1,133905.0,133905.0,0.0,20260209,akshare_em,,,,,,,,,,,
600683,京投发展,6.66,10.082645416259766,房地产开,1,135309.0,144703.0,3.0,20260209,akshare_em,,,,,,,,,,,
2471,中超控股,10.75,10.030706405639648,电网设备,1,142824.0,142824.0,0.0,20260209,akshare_em,,,,,,,,,,,
525,红太阳,6.72,9.983633041381836,农化制品,1,142906.0,143409.0,2.0,20260209,akshare_em,,,,,,,,,,,
688435,英方软件,64.86,20.0,软件开发,1,142925.0,144625.0,1.0,20260209,akshare_em,,,,,,,,,,,
1217,华尔泰,14.07,10.007819175720217,化学原料,1,143448.0,143448.0,0.0,20260209,akshare_em,,,,,,,,,,,
603616,韩建河山,9.12,10.012063026428224,水泥,4,144137.0,144201.0,1.0,20260209,akshare_em,,,,,,,,,,,
2830,名雕股份,30.65,10.014357566833496,装修装饰,1,92500.0,103757.0,1.0,20260206,akshare_em,,,,,,,,,,,
2728,特一药业,13.15,10.041841506958008,中药Ⅱ,1,92500.0,95218.0,1.0,20260206,akshare_em,,,,,,,,,,,
300912,凯龙高科,34.3,20.01399612426757,汽车零部,3,92500.0,92500.0,0.0,20260206,akshare_em,,,,,,,,,,,
3018,金富科技,20.54,10.016068458557127,包装印刷,2,92500.0,92500.0,0.0,20260206,akshare_em,,,,,,,,,,,
600814,杭州解百,10.78,10.0,一般零售,3,92501.0,94804.0,1.0,20260206,akshare_em,,,,,,,,,,,
603616,韩建河山,8.29,9.94694995880127,水泥,3,92503.0,95348.0,1.0,20260206,akshare_em,,,,,,,,,,,
56,皇庭国际,2.28,10.144927024841309,房地产服,2,93203.0,94830.0,2.0,20260206,akshare_em,,,,,,,,,,,
2634,棒杰股份,6.9,10.047846794128418,服装家纺,1,93324.0,93324.0,0.0,20260206,akshare_em,,,,,,,,,,,
2412,汉森制药,7.59,10.0,中药Ⅱ,1,93418.0,112218.0,11.0,20260206,akshare_em,,,,,,,,,,,
2054,德美化工,10.05,9.956235885620115,化学制品,1,93621.0,101518.0,2.0,20260206,akshare_em,,,,,,,,,,,
2339,积成电子,12.76,10.0,电网设备,1,93627.0,94106.0,1.0,20260206,akshare_em,,,,,,,,,,,
603618,杭电股份,13.71,10.032102584838867,电网设备,1,93816.0,150000.0,1.0,20260206,akshare_em,,,,,,,,,,,
1360,南矿集团,25.52,10.0,专用设备,1,93830.0,93830.0,0.0,20260206,akshare_em,,,,,,,,,,,
2921,联诚精密,25.73,10.00427532196045,汽车零部,1,94003.0,94003.0,0.0,20260206,akshare_em,,,,,,,,,,,
603138,海量数据,18.22,10.024154663085938,IT服务Ⅱ,1,94032.0,110614.0,1.0,20260206,akshare_em,,,,,,,,,,,
600345,长江通信,40.0,10.011000633239746,通信设备,1,94116.0,102843.0,1.0,20260206,akshare_em,,,,,,,,,,,
2455,百川股份,11.14,9.97038459777832,化学制品,1,94627.0,95630.0,5.0,20260206,akshare_em,,,,,,,,,,,
2440,闰土股份,13.21,9.991673469543455,化学制品,1,94851.0,100042.0,2.0,20260206,akshare_em,,,,,,,,,,,
767,晋控电力,3.42,9.967845916748049,电力,1,95048.0,104042.0,4.0,20260206,akshare_em,,,,,,,,,,,
2112,三变科技,25.41,10.0,电网设备,1,95809.0,95809.0,0.0,20260206,akshare_em,,,,,,,,,,,
603959,百利科技,6.41,9.948541641235352,专业工程,1,95939.0,101757.0,1.0,20260206,akshare_em,,,,,,,,,,,
2842,翔鹭钨业,28.46,10.0115966796875,小金属,1,101115.0,101115.0,0.0,20260206,akshare_em,,,,,,,,,,,
600722,金牛化工,8.64,10.06369400024414,化学原料,1,101115.0,101115.0,0.0,20260206,akshare_em,,,,,,,,,,,
600884,杉杉股份,14.37,10.030628204345703,电池,1,101524.0,101524.0,0.0,20260206,akshare_em,,,,,,,,,,,
600230,沧州大化,21.63,10.020346641540527,化学制品,1,101714.0,101714.0,0.0,20260206,akshare_em,,,,,,,,,,,
603667,五洲新春,85.65,10.00513744354248,通用设备,1,102229.0,102738.0,3.0,20260206,akshare_em,,,,,,,,,,,
600686,金龙汽车,19.21,10.022909164428713,商用车,1,102239.0,102239.0,0.0,20260206,akshare_em,,,,,,,,,,,
603823,百合花,18.48,10.0,化学制品,1,102322.0,102322.0,0.0,20260206,akshare_em,,,,,,,,,,,
300461,田中精机,50.57,20.00474548339844,自动化设,2,102509.0,103412.0,2.0,20260206,akshare_em,,,,,,,,,,,
2009,天奇股份,31.68,10.0,专用设备,1,102824.0,102824.0,0.0,20260206,akshare_em,,,,,,,,,,,
603331,百达精工,17.75,9.97521686553955,通用设备,1,102859.0,102859.0,0.0,20260206,akshare_em,,,,,,,,,,,
2772,众兴菌业,18.39,9.988038063049316,种植业,1,102924.0,102924.0,0.0,20260206,akshare_em,,,,,,,,,,,
605488,福莱新材,43.05,9.98978042602539,塑料,1,103018.0,103018.0,0.0,20260206,akshare_em,,,,,,,,,,,
2759,天际股份,40.29,9.991809844970703,电池,1,103151.0,105521.0,4.0,20260206,akshare_em,,,,,,,,,,,
2345,潮宏基,13.56,9.975668907165527,饰品,1,103430.0,103430.0,0.0,20260206,akshare_em,,,,,,,,,,,
603607,京华激光,25.47,10.021598815917969,包装印刷,1,103922.0,103922.0,0.0,20260206,akshare_em,,,,,,,,,,,
2150,正泰电源,25.73,10.00427532196045,通用设备,1,110236.0,110236.0,0.0,20260206,akshare_em,,,,,,,,,,,
2099,海翔药业,7.51,9.95607566833496,化学制药,1,110351.0,110712.0,3.0,20260206,akshare_em,,,,,,,,,,,
600063,皖维高新,7.3,9.939759254455566,化学纤维,1,110822.0,110822.0,0.0,20260206,akshare_em,,,,,,,,,,,
603881,数据港,39.16,10.0,通信服务,1,130019.0,131910.0,3.0,20260206,akshare_em,,,,,,,,,,,
603626,科森科技,24.23,9.98638153076172,消费电子,1,130200.0,130539.0,3.0,20260206,akshare_em,,,,,,,,,,,
600987,航民股份,8.29,9.94694995880127,纺织制造,1,130312.0,133857.0,4.0,20260206,akshare_em,,,,,,,,,,,
603876,鼎胜新材,17.77,10.030959129333496,工业金属,1,130851.0,130851.0,0.0,20260206,akshare_em,,,,,,,,,,,
2624,完美世界,19.57,10.005620956420898,游戏Ⅱ,1,132154.0,142533.0,5.0,20260206,akshare_em,,,,,,,,,,,
2015,协鑫能科,12.06,10.03649616241455,电力,1,132327.0,132327.0,0.0,20260206,akshare_em,,,,,,,,,,,
2812,恩捷股份,57.44,9.996170043945312,电池,1,132351.0,132351.0,0.0,20260206,akshare_em,,,,,,,,,,,
2957,科瑞技术,28.78,10.01529026031494,自动化设,1,133027.0,133027.0,0.0,20260206,akshare_em,,,,,,,,,,,
301312,智立方,80.33,20.002988815307617,自动化设,1,133621.0,133621.0,0.0,20260206,akshare_em,,,,,,,,,,,
2361,神剑股份,15.24,10.03610134124756,塑料,2,133836.0,133903.0,1.0,20260206,akshare_em,,,,,,,,,,,
603663,三祥新材,42.93,9.992313385009766,化学原料,1,134534.0,134534.0,0.0,20260206,akshare_em,,,,,,,,,,,
2506,协鑫集成,4.58,10.096153259277344,光伏设备,3,135236.0,135236.0,0.0,20260206,akshare_em,,,,,,,,,,,
600759,洲际油气,5.5,10.0,油气开采,1,135838.0,150000.0,1.0,20260206,akshare_em,,,,,,,,,,,
2519,银河电子,9.52,10.0578031539917,地面兵装,1,141012.0,141736.0,4.0,20260206,akshare_em,,,,,,,,,,,
2072,凯瑞德,8.4,9.947644233703612,贸易Ⅱ,1,142200.0,142736.0,1.0,20260206,akshare_em,,,,,,,,,,,
2207,准油股份,10.32,10.021322250366213,油服工程,1,142424.0,142424.0,0.0,20260206,akshare_em,,,,,,,,,,,
300912,凯龙高科,28.58,19.98320579528809,汽车零部,2,92500.0,92500.0,0.0,20260205,akshare_em,,,,,,,,,,,
601015,陕西黑猫,5.08,9.956709861755373,焦炭Ⅱ,2,92501.0,92501.0,0.0,20260205,akshare_em,,,,,,,,,,,
603616,韩建河山,7.54,10.072992324829102,水泥,2,92502.0,92502.0,0.0,20260205,akshare_em,,,,,,,,,,,
822,山东海化,6.3,9.947644233703612,化学原料,1,93003.0,93003.0,0.0,20260205,akshare_em,,,,,,,,,,,
300461,田中精机,42.14,19.988609313964844,自动化设,1,93024.0,93024.0,0.0,20260205,akshare_em,,,,,,,,,,,
2291,遥望科技,9.04,9.975668907165527,广告营销,1,93030.0,93030.0,0.0,20260205,akshare_em,,,,,,,,,,,
2506,协鑫集成,4.16,10.05290985107422,光伏设备,2,93033.0,100957.0,6.0,20260205,akshare_em,,,,,,,,,,,
600683,京投发展,6.6,10.0,房地产开,3,93212.0,95024.0,3.0,20260205,akshare_em,,,,,,,,,,,
601599,浙文影业,4.9,10.112359046936035,纺织制造,1,93224.0,93224.0,0.0,20260205,akshare_em,,,,,,,,,,,
603103,横店影视,31.66,10.006949424743652,影视院线,1,93607.0,94216.0,2.0,20260205,akshare_em,,,,,,,,,,,
603826,坤彩科技,19.46,10.005653381347656,非金属材,2,93615.0,93615.0,0.0,20260205,akshare_em,,,,,,,,,,,
600382,广东明珠,9.67,10.01137638092041,冶钢原料,1,93658.0,143525.0,1.0,20260205,akshare_em,,,,,,,,,,,
592,平潭发展,11.83,10.04651165008545,林业Ⅱ,1,93721.0,93721.0,0.0,20260205,akshare_em,,,,,,,,,,,
56,皇庭国际,2.07,10.106383323669434,房地产服,1,94039.0,112736.0,4.0,20260205,akshare_em,,,,,,,,,,,
600156,华升股份,9.03,9.98781967163086,纺织制造,1,94703.0,94703.0,0.0,20260205,akshare_em,,,,,,,,,,,
2355,兴民智通,7.48,10.0,汽车零部,2,94930.0,94930.0,0.0,20260205,akshare_em,,,,,,,,,,,
3018,金富科技,18.67,10.017678260803224,包装印刷,1,95051.0,95051.0,0.0,20260205,akshare_em,,,,,,,,,,,
600814,杭州解百,9.8,9.988776206970217,一般零售,2,95136.0,95136.0,0.0,20260205,akshare_em,,,,,,,,,,,
600084,中信尼雅,7.72,9.97150993347168,非白酒,1,95222.0,95222.0,0.0,20260205,akshare_em,,,,,,,,,,,
603630,拉芳家化,21.33,10.005157470703123,化妆品,1,95346.0,95346.0,0.0,20260205,akshare_em,,,,,,,,,,,
2575,群兴玩具,8.06,9.959073066711426,文娱用品,1,95624.0,95624.0,0.0,20260205,akshare_em,,,,,,,,,,,
2357,富临运业,14.76,9.98509693145752,铁路公路,1,95721.0,95721.0,0.0,20260205,akshare_em,,,,,,,,,,,
600796,钱江生化,7.29,9.954751014709473,环境治理,1,95731.0,95731.0,0.0,20260205,akshare_em,,,,,,,,,,,
603429,集友股份,10.89,10.0,包装印刷,1,95957.0,142942.0,12.0,20260205,akshare_em,,,,,,,,,,,
2702,海欣食品,7.69,10.01430606842041,食品加工,1,100109.0,100109.0,0.0,20260205,akshare_em,,,,,,,,,,,
603696,安记食品,21.36,9.989701271057127,调味发酵,1,100154.0,100154.0,0.0,20260205,akshare_em,,,,,,,,,,,
301362,民爆光电,93.29,20.002573013305664,照明设备,4,100854.0,131503.0,9.0,20260205,akshare_em,,,,,,,,,,,
603334,丰倍生物,59.08,9.998138427734377,化学制品,2,101119.0,104601.0,2.0,20260205,akshare_em,,,,,,,,,,,
2985,北摩高科,46.97,10.0,航空装备,1,102406.0,110554.0,1.0,20260205,akshare_em,,,,,,,,,,,
2264,新 华 都,12.58,9.965035438537598,广告营销,1,103612.0,103612.0,0.0,20260205,akshare_em,,,,,,,,,,,
2467,二六三,7.34,10.044978141784668,通信服务,1,104215.0,104215.0,0.0,20260205,akshare_em,,,,,,,,,,,
2995,天地在线,36.62,10.00300407409668,广告营销,1,104251.0,104251.0,0.0,20260205,akshare_em,,,,,,,,,,,
2905,金逸影视,13.33,9.983498573303224,影视院线,1,110333.0,110333.0,0.0,20260205,akshare_em,,,,,,,,,,,
603655,朗博科技,44.41,10.007431030273438,汽车零部,1,112500.0,112500.0,0.0,20260205,akshare_em,,,,,,,,,,,
601187,厦门银行,7.93,9.986129760742188,银行Ⅱ,1,132503.0,132503.0,0.0,20260205,akshare_em,,,,,,,,,,,
2945,华林证券,20.75,10.02120876312256,证券Ⅱ,1,134233.0,134233.0,0.0,20260205,akshare_em,,,,,,,,,,,
2627,三峡旅游,10.01,10.0,铁路公路,1,135221.0,135221.0,0.0,20260205,akshare_em,,,,,,,,,,,
3036,泰坦股份,18.66,10.023585319519045,专用设备,1,135627.0,135627.0,0.0,20260205,akshare_em,,,,,,,,,,,
2361,神剑股份,13.85,10.007942199707031,塑料,1,140006.0,140006.0,0.0,20260205,akshare_em,,,,,,,,,,,
636,风华高科,22.79,9.990346908569336,元件,1,140712.0,140712.0,0.0,20260205,akshare_em,,,,,,,,,,,
300300,海峡创新,14.52,20.0,IT服务Ⅱ,1,142448.0,142448.0,0.0,20260205,akshare_em,,,,,,,,,,,
2969,嘉美包装,25.29,10.004349708557127,包装印刷,1,142730.0,142730.0,0.0,20260205,akshare_em,,,,,,,,,,,
600828,茂业商业,7.78,10.04243278503418,一般零售,1,142845.0,142845.0,0.0,20260205,akshare_em,,,,,,,,,,,
601116,三江购物,20.2,10.0217866897583,一般零售,1,143946.0,143946.0,0.0,20260205,akshare_em,,,,,,,,,,,
301362,民爆光电,77.74,20.006175994873047,照明设备,3,92500.0,92500.0,0.0,20260204,akshare_em,,,,,,,,,,,
2342,巨力索具,17.61,9.99375343322754,通用设备,2,92500.0,94954.0,2.0,20260204,akshare_em,,,,,,,,,,,
300912,凯龙高科,23.82,20.0,汽车零部,1,92500.0,92500.0,0.0,20260204,akshare_em,,,,,,,,,,,
603616,韩建河山,6.85,9.951845169067385,水泥,1,92501.0,92501.0,0.0,20260204,akshare_em,,,,,,,,,,,
600481,双良节能,11.11,10.0,光伏设备,2,92503.0,94254.0,4.0,20260204,akshare_em,,,,,,,,,,,
70,特发信息,13.52,10.008136749267578,通信设备,1,93000.0,93000.0,0.0,20260204,akshare_em,,,,,,,,,,,
603618,杭电股份,12.02,9.972553253173828,电网设备,4,93003.0,134024.0,2.0,20260204,akshare_em,,,,,,,,,,,
2126,银轮股份,43.21,10.005091667175291,汽车零部,2,93042.0,142115.0,20.0,20260204,akshare_em,,,,,,,,,,,
2970,锐明技术,67.28,10.006540298461914,计算机设,1,93115.0,93115.0,0.0,20260204,akshare_em,,,,,,,,,,,
533,顺钠股份,11.15,9.960552215576172,电网设备,3,93133.0,93654.0,3.0,20260204,akshare_em,,,,,,,,,,,
600330,天通股份,16.94,10.0,电子化学,2,93234.0,143543.0,7.0,20260204,akshare_em,,,,,,,,,,,
601096,宏盛华源,6.19,9.946714401245115,专业工程,1,93603.0,93957.0,1.0,20260204,akshare_em,,,,,,,,,,,
600188,兖矿能源,15.27,10.014410018920898,煤炭开采,1,93651.0,94548.0,2.0,20260204,akshare_em,,,,,,,,,,,
600072,中船科技,13.33,9.983498573303224,风电设备,1,94141.0,95244.0,2.0,20260204,akshare_em,,,,,,,,,,,
2300,太阳电缆,9.56,10.011507987976074,电网设备,1,94312.0,95136.0,2.0,20260204,akshare_em,,,,,,,,,,,
2830,名雕股份,30.95,9.985785484313965,装修装饰,4,94321.0,94421.0,1.0,20260204,akshare_em,,,,,,,,,,,
601015,陕西黑猫,4.62,10.0,焦炭Ⅱ,1,94528.0,94528.0,0.0,20260204,akshare_em,,,,,,,,,,,
600792,云煤能源,4.64,9.952607154846191,焦炭Ⅱ,1,94635.0,100023.0,1.0,20260204,akshare_em,,,,,,,,,,,
600860,京城股份,13.46,9.967320442199709,通用设备,1,95126.0,95126.0,0.0,20260204,akshare_em,,,,,,,,,,,
300423,昇辉科技,9.98,19.951923370361328,电网设备,1,95203.0,95203.0,0.0,20260204,akshare_em,,,,,,,,,,,
603334,丰倍生物,53.71,9.993856430053713,化学制品,1,95403.0,95403.0,0.0,20260204,akshare_em,,,,,,,,,,,
39,中集集团,11.41,10.028929710388184,通用设备,2,95642.0,133509.0,2.0,20260204,akshare_em,,,,,,,,,,,
601898,中煤能源,14.08,10.0,煤炭开采,1,95948.0,95948.0,0.0,20260204,akshare_em,,,,,,,,,,,
601226,华电科工,12.73,10.025928497314451,专业工程,1,100154.0,150000.0,5.0,20260204,akshare_em,,,,,,,,,,,
601001,晋控煤业,15.86,9.986129760742188,煤炭开采,1,100250.0,105423.0,1.0,20260204,akshare_em,,,,,,,,,,,
723,美锦能源,5.17,10.0,焦炭Ⅱ,1,100427.0,100427.0,0.0,20260204,akshare_em,,,,,,,,,,,
2278,神开股份,14.39,10.01529026031494,专用设备,1,100503.0,100503.0,0.0,20260204,akshare_em,,,,,,,,,,,
2441,众业达,10.97,10.03009033203125,电网设备,1,100518.0,100518.0,0.0,20260204,akshare_em,,,,,,,,,,,
300985,致远新能,25.1,19.98087882995605,通用设备,1,100539.0,100539.0,0.0,20260204,akshare_em,,,,,,,,,,,
600740,山西焦化,4.86,9.954751014709473,焦炭Ⅱ,1,100641.0,110835.0,7.0,20260204,akshare_em,,,,,,,,,,,
2623,亚玛顿,28.46,10.0115966796875,光伏设备,1,101054.0,101054.0,0.0,20260204,akshare_em,,,,,,,,,,,
600814,杭州解百,8.91,10.0,一般零售,1,101323.0,101323.0,0.0,20260204,akshare_em,,,,,,,,,,,
2853,皮阿诺,31.08,10.017699241638184,家居用品,1,101424.0,111154.0,1.0,20260204,akshare_em,,,,,,,,,,,
838,财信发展,2.66,9.91735553741455,房地产开,1,101715.0,101715.0,0.0,20260204,akshare_em,,,,,,,,,,,
603381,永臻股份,25.52,10.0,光伏设备,1,101927.0,135457.0,4.0,20260204,akshare_em,,,,,,,,,,,
600115,中国东航,6.28,9.982486724853516,航空机场,1,101930.0,102106.0,1.0,20260204,akshare_em,,,,,,,,,,,
517,荣安地产,2.04,10.270270347595217,房地产开,1,102224.0,102224.0,0.0,20260204,akshare_em,,,,,,,,,,,
600778,友好集团,7.96,9.944750785827637,一般零售,1,102722.0,102722.0,0.0,20260204,akshare_em,,,,,,,,,,,
603778,国晟科技,16.18,9.993202209472656,基础建设,2,102804.0,102804.0,0.0,20260204,akshare_em,,,,,,,,,,,
300393,中来股份,10.32,20.0,光伏设备,1,103021.0,103021.0,0.0,20260204,akshare_em,,,,,,,,,,,
2810,山东赫达,19.77,10.016695022583008,化学制品,1,103030.0,103030.0,0.0,20260204,akshare_em,,,,,,,,,,,
2218,拓日新能,7.04,10.0,电力,1,103115.0,103115.0,0.0,20260204,akshare_em,,,,,,,,,,,
600683,京投发展,6.0,10.091742515563965,房地产开,2,103712.0,132027.0,2.0,20260204,akshare_em,,,,,,,,,,,
560,我爱我家,3.61,10.060976028442385,房地产服,1,103727.0,134230.0,1.0,20260204,akshare_em,,,,,,,,,,,
2334,英威腾,10.07,10.054644584655762,自动化设,1,104451.0,104451.0,0.0,20260204,akshare_em,,,,,,,,,,,
301636,泽润新能,89.47,19.997318267822266,光伏设备,2,110054.0,110054.0,0.0,20260204,akshare_em,,,,,,,,,,,
2928,华夏航空,11.53,10.019083976745604,航空机场,1,110954.0,110954.0,0.0,20260204,akshare_em,,,,,,,,,,,
1223,欧克科技,60.83,10.0,自动化设,1,112521.0,112521.0,0.0,20260204,akshare_em,,,,,,,,,,,
601011,宝泰隆,3.64,9.969788551330566,焦炭Ⅱ,1,130039.0,130039.0,0.0,20260204,akshare_em,,,,,,,,,,,
2286,保龄宝,10.53,10.031347274780272,农产品加,1,130542.0,130542.0,0.0,20260204,akshare_em,,,,,,,,,,,
688223,晶科能源,8.4,20.0,光伏设备,1,130735.0,130735.0,0.0,20260204,akshare_em,,,,,,,,,,,
600325,华发股份,4.42,9.95024871826172,房地产开,1,132016.0,132016.0,0.0,20260204,akshare_em,,,,,,,,,,,
301119,正强股份,57.7,20.008319854736328,汽车零部,1,132048.0,132048.0,0.0,20260204,akshare_em,,,,,,,,,,,
2355,兴民智通,6.8,10.032362937927246,汽车零部,1,132403.0,132403.0,0.0,20260204,akshare_em,,,,,,,,,,,
2506,协鑫集成,3.78,9.883721351623535,光伏设备,1,132851.0,144421.0,4.0,20260204,akshare_em,,,,,,,,,,,
603826,坤彩科技,17.69,10.01243782043457,非金属材,1,132906.0,133358.0,2.0,20260204,akshare_em,,,,,,,,,,,
601699,潞安环能,13.97,10.0,煤炭开采,1,133909.0,133909.0,0.0,20260204,akshare_em,,,,,,,,,,,
2791,坚朗五金,25.7,10.017123222351074,装修建材,1,134354.0,134354.0,0.0,20260204,akshare_em,,,,,,,,,,,
688429,时创能源,18.54,20.0,光伏设备,1,134922.0,134922.0,0.0,20260204,akshare_em,,,,,,,,,,,
2129,TCL中环,10.57,9.989593505859377,光伏设备,1,135230.0,141254.0,1.0,20260204,akshare_em,,,,,,,,,,,
3038,鑫铂股份,17.96,9.981629371643066,工业金属,1,140648.0,140648.0,0.0,20260204,akshare_em,,,,,,,,,,,
605376,博迁新材,100.1,10.0,金属新材,1,143417.0,143417.0,0.0,20260204,akshare_em,,,,,,,,,,,
600759,洲际油气,4.91,10.089685440063477,油气开采,1,143447.0,144014.0,3.0,20260204,akshare_em,,,,,,,,,,,
983,山西焦煤,7.36,10.014947891235352,煤炭开采,1,143515.0,143515.0,0.0,20260204,akshare_em,,,,,,,,,,,
600546,山煤国际,11.67,9.990574836730955,煤炭开采,1,143600.0,143600.0,0.0,20260204,akshare_em,,,,,,,,,,,
600403,大有能源,7.36,10.014947891235352,煤炭开采,1,143615.0,143615.0,0.0,20260204,akshare_em,,,,,,,,,,,
600971,恒源煤电,7.21,10.076335906982422,煤炭开采,1,143828.0,143828.0,0.0,20260204,akshare_em,,,,,,,,,,,
600997,开滦股份,6.56,10.067113876342772,焦炭Ⅱ,1,144254.0,144254.0,0.0,20260204,akshare_em,,,,,,,,,,,
301362,民爆光电,64.78,20.00741004943848,照明设备,2,92500.0,92500.0,0.0,20260203,akshare_em,,,,,,,,,,,
603618,杭电股份,10.93,9.959758758544922,电网设备,3,92501.0,93731.0,1.0,20260203,akshare_em,,,,,,,,,,,
603103,横店影视,30.86,10.017826080322266,影视院线,4,92502.0,93111.0,1.0,20260203,akshare_em,,,,,,,,,,,
603172,万丰股份,31.13,10.0,化学制品,4,92502.0,102738.0,3.0,20260203,akshare_em,,,,,,,,,,,
600266,城建发展,6.0,10.091742515563965,房地产开,1,92502.0,100223.0,1.0,20260203,akshare_em,,,,,,,,,,,
600683,京投发展,5.45,10.1010103225708,房地产开,1,92502.0,92502.0,0.0,20260203,akshare_em,,,,,,,,,,,
600149,廊坊发展,5.92,10.037175178527832,电力,1,92503.0,92503.0,0.0,20260203,akshare_em,,,,,,,,,,,
856,冀东装备,11.59,9.96204948425293,专用设备,1,93000.0,93000.0,0.0,20260203,akshare_em,,,,,,,,,,,
600590,泰豪科技,11.62,10.03787899017334,军工电子,1,93003.0,93003.0,0.0,20260203,akshare_em,,,,,,,,,,,
600986,浙文互联,15.42,9.985734939575195,广告营销,1,93059.0,105508.0,8.0,20260203,akshare_em,,,,,,,,,,,
601992,金隅集团,2.09,10.0,水泥,1,93307.0,93449.0,1.0,20260203,akshare_em,,,,,,,,,,,
995,皇台酒业,19.27,9.988584518432615,白酒Ⅱ,4,93315.0,95745.0,5.0,20260203,akshare_em,,,,,,,,,,,
600481,双良节能,10.1,10.0217866897583,光伏设备,1,93327.0,93327.0,0.0,20260203,akshare_em,,,,,,,,,,,
600330,天通股份,15.4,10.0,电子化学,1,93344.0,93344.0,0.0,20260203,akshare_em,,,,,,,,,,,
2943,宇晶股份,81.11,9.99457550048828,通用设备,1,93603.0,93603.0,0.0,20260203,akshare_em,,,,,,,,,,,
2792,通宇通讯,52.81,9.997917175292969,通信设备,1,93721.0,102300.0,1.0,20260203,akshare_em,,,,,,,,,,,
533,顺钠股份,10.14,9.978307723999023,电网设备,2,94018.0,94018.0,0.0,20260203,akshare_em,,,,,,,,,,,
600053,九鼎投资,24.75,10.0,多元金融,1,94129.0,101505.0,1.0,20260203,akshare_em,,,,,,,,,,,
688516,奥特维,116.24,19.99587059020996,光伏设备,1,94250.0,105350.0,4.0,20260203,akshare_em,,,,,,,,,,,
2957,科瑞技术,24.67,9.986624717712402,自动化设,1,94254.0,100715.0,3.0,20260203,akshare_em,,,,,,,,,,,
603806,福斯特,18.7,10.0,光伏设备,1,94312.0,112900.0,2.0,20260203,akshare_em,,,,,,,,,,,
2865,钧达股份,110.22,10.0,光伏设备,1,94345.0,141454.0,6.0,20260203,akshare_em,,,,,,,,,,,
600410,华胜天成,21.87,10.01006031036377,IT服务Ⅱ,1,94442.0,105303.0,7.0,20260203,akshare_em,,,,,,,,,,,
605599,菜百股份,23.93,10.022988319396973,饰品,1,94653.0,95408.0,1.0,20260203,akshare_em,,,,,,,,,,,
2830,名雕股份,28.14,10.007819175720217,装修装饰,3,94857.0,95003.0,1.0,20260203,akshare_em,,,,,,,,,,,
603773,沃格光电,40.11,10.010971069335938,光学光电,1,95209.0,104133.0,1.0,20260203,akshare_em,,,,,,,,,,,
962,东方钽业,43.21,10.005091667175291,小金属,1,95506.0,100106.0,2.0,20260203,akshare_em,,,,,,,,,,,
603095,越剑智能,19.93,9.988962173461914,专用设备,1,95708.0,95708.0,0.0,20260203,akshare_em,,,,,,,,,,,
1316,润贝航科,56.33,9.998046875,炼化及贸,1,100024.0,100024.0,0.0,20260203,akshare_em,,,,,,,,,,,
2165,红 宝 丽,13.7,10.0401611328125,化学制品,1,100024.0,100024.0,0.0,20260203,akshare_em,,,,,,,,,,,
603612,索通发展,29.26,10.0,非金属材,1,100247.0,143347.0,3.0,20260203,akshare_em,,,,,,,,,,,
2342,巨力索具,16.01,10.034364700317385,通用设备,1,100551.0,100551.0,0.0,20260203,akshare_em,,,,,,,,,,,
738,航发控制,25.86,9.995746612548828,航空装备,1,101633.0,101633.0,0.0,20260203,akshare_em,,,,,,,,,,,
2455,百川股份,10.31,10.03201675415039,化学制品,1,101948.0,102239.0,1.0,20260203,akshare_em,,,,,,,,,,,
3035,南网能源,7.44,10.059171676635742,电力,1,102342.0,102342.0,0.0,20260203,akshare_em,,,,,,,,,,,
605123,派克新材,125.31,9.998244285583496,航空装备,1,103217.0,110141.0,1.0,20260203,akshare_em,,,,,,,,,,,
601799,星宇股份,143.87,10.000764846801758,汽车零部,1,103243.0,144313.0,17.0,20260203,akshare_em,,,,,,,,,,,
1400,江顺科技,110.55,10.0,专用设备,1,103354.0,103354.0,0.0,20260203,akshare_em,,,,,,,,,,,
2361,神剑股份,12.82,10.04291820526123,塑料,1,105236.0,110533.0,1.0,20260203,akshare_em,,,,,,,,,,,
39,中集集团,10.37,9.96818733215332,通用设备,1,110757.0,110757.0,0.0,20260203,akshare_em,,,,,,,,,,,
603051,鹿山新材,26.51,10.0,化学制品,1,110948.0,110948.0,0.0,20260203,akshare_em,,,,,,,,,,,
547,航天发展,32.38,9.98641300201416,军工电子,1,111500.0,135145.0,3.0,20260203,akshare_em,,,,,,,,,,,
603285,键邦股份,34.99,9.996855735778809,化学制品,1,111811.0,111811.0,0.0,20260203,akshare_em,,,,,,,,,,,
2471,中超控股,9.47,9.988385200500488,电网设备,2,111933.0,143751.0,1.0,20260203,akshare_em,,,,,,,,,,,
2012,凯恩股份,6.91,10.03184700012207,造纸,1,112303.0,112303.0,0.0,20260203,akshare_em,,,,,,,,,,,
2364,中恒电气,32.74,10.01344108581543,其他电源,1,130012.0,133724.0,4.0,20260203,akshare_em,,,,,,,,,,,
300842,帝科股份,123.97,19.99806404113769,光伏设备,1,130121.0,143921.0,1.0,20260203,akshare_em,,,,,,,,,,,
811,冰轮环境,17.33,10.031745910644531,通用设备,1,130203.0,130203.0,0.0,20260203,akshare_em,,,,,,,,,,,
2951,金时科技,14.66,9.977494239807127,其他电源,1,130206.0,130206.0,0.0,20260203,akshare_em,,,,,,,,,,,
603211,晋拓股份,24.51,10.008976936340332,汽车零部,1,130327.0,130327.0,0.0,20260203,akshare_em,,,,,,,,,,,
301636,泽润新能,74.56,20.006437301635746,光伏设备,1,130500.0,133106.0,3.0,20260203,akshare_em,,,,,,,,,,,
600586,金晶科技,6.4,9.965636253356934,玻璃玻纤,1,130734.0,130734.0,0.0,20260203,akshare_em,,,,,,,,,,,
301182,凯旺科技,47.63,20.00503921508789,计算机设,1,131018.0,131018.0,0.0,20260203,akshare_em,,,,,,,,,,,
688680,海优新材,67.64,19.992904663085938,光伏设备,1,131330.0,132806.0,6.0,20260203,akshare_em,,,,,,,,,,,
600984,建设机械,4.53,9.951457023620604,工程机械,1,131533.0,141127.0,2.0,20260203,akshare_em,,,,,,,,,,,
603778,国晟科技,14.71,10.022438049316406,基础建设,1,131629.0,132953.0,1.0,20260203,akshare_em,,,,,,,,,,,
603920,世运电路,70.06,10.001569747924805,元件,1,132133.0,132133.0,0.0,20260203,akshare_em,,,,,,,,,,,
2785,万里石,45.62,10.00723361968994,装修建材,1,132545.0,142924.0,8.0,20260203,akshare_em,,,,,,,,,,,
603031,安孚科技,55.65,10.00197696685791,电池,1,133207.0,133207.0,0.0,20260203,akshare_em,,,,,,,,,,,
2238,天威视讯,9.03,9.98781967163086,电视广播,1,133427.0,134030.0,2.0,20260203,akshare_em,,,,,,,,,,,
2155,湖南黄金,36.63,10.0,贵金属,1,133812.0,141706.0,4.0,20260203,akshare_em,,,,,,,,,,,
300757,罗博特科,424.8,20.0,自动化设,1,134224.0,134224.0,0.0,20260203,akshare_em,,,,,,,,,,,
600785,新华百货,25.65,9.99142360687256,一般零售,2,134839.0,134839.0,0.0,20260203,akshare_em,,,,,,,,,,,
2112,三变科技,23.79,9.986129760742188,电网设备,2,140527.0,140527.0,0.0,20260203,akshare_em,,,,,,,,,,,
2922,伊戈尔,43.86,10.007524490356444,其他电子,1,140645.0,140645.0,0.0,20260203,akshare_em,,,,,,,,,,,
600869,远东股份,13.17,10.025062561035156,电网设备,1,141143.0,141143.0,0.0,20260203,akshare_em,,,,,,,,,,,
600673,东阳光,29.11,10.015117645263672,综合Ⅱ,1,141219.0,141219.0,0.0,20260203,akshare_em,,,,,,,,,,,
534,万泽股份,30.65,10.014357566833496,生物制品,1,143930.0,143930.0,0.0,20260203,akshare_em,,,,,,,,,,,
2126,银轮股份,39.28,9.997199058532717,汽车零部,1,145603.0,145603.0,0.0,20260203,akshare_em,,,,,,,,,,,
533,顺钠股份,9.22,10.023866653442385,电网设备,1,92500.0,92500.0,0.0,20260202,akshare_em,,,,,,,,,,,
301362,民爆光电,53.98,20.008893966674805,照明设备,1,92500.0,92500.0,0.0,20260202,akshare_em,,,,,,,,,,,
603103,横店影视,28.05,10.0,影视院线,3,92503.0,92503.0,0.0,20260202,akshare_em,,,,,,,,,,,
603618,杭电股份,9.94,9.955751419067385,电网设备,2,92504.0,92504.0,0.0,20260202,akshare_em,,,,,,,,,,,
603172,万丰股份,28.3,9.988340377807615,化学制品,3,92505.0,92505.0,0.0,20260202,akshare_em,,,,,,,,,,,
2112,三变科技,21.63,10.020346641540527,电网设备,1,93000.0,93000.0,0.0,20260202,akshare_em,,,,,,,,,,,
2780,三夫户外,16.41,9.986595153808594,服装家纺,1,93000.0,144248.0,6.0,20260202,akshare_em,,,,,,,,,,,
603861,白云电器,18.28,9.98796558380127,电网设备,2,93001.0,93001.0,0.0,20260202,akshare_em,,,,,,,,,,,
2491,通鼎互联,8.64,10.06369400024414,通信设备,2,93006.0,145142.0,4.0,20260202,akshare_em,,,,,,,,,,,
1368,通达创智,33.0,10.0,文娱用品,1,93224.0,93224.0,0.0,20260202,akshare_em,,,,,,,,,,,
600785,新华百货,23.32,10.0,一般零售,1,93228.0,93310.0,1.0,20260202,akshare_em,,,,,,,,,,,
2339,积成电子,11.99,10.0,电网设备,1,93336.0,93336.0,0.0,20260202,akshare_em,,,,,,,,,,,
2678,珠江钢琴,5.79,10.076045989990234,文娱用品,1,93342.0,93342.0,0.0,20260202,akshare_em,,,,,,,,,,,
603117,万林物流,5.34,10.103093147277832,物流,1,93601.0,93601.0,0.0,20260202,akshare_em,,,,,,,,,,,
1326,联域股份,55.95,10.007864952087402,照明设备,1,93748.0,93748.0,0.0,20260202,akshare_em,,,,,,,,,,,
2291,遥望科技,8.14,10.0,广告营销,1,93909.0,145336.0,12.0,20260202,akshare_em,,,,,,,,,,,
600232,金鹰股份,9.32,10.035419464111328,专用设备,1,94140.0,94140.0,0.0,20260202,akshare_em,,,,,,,,,,,
600550,保变电气,15.57,10.035335540771484,电网设备,1,94143.0,94143.0,0.0,20260202,akshare_em,,,,,,,,,,,
2498,汉缆股份,5.64,9.941520690917969,电网设备,1,94515.0,94515.0,0.0,20260202,akshare_em,,,,,,,,,,,
2358,森源电气,7.54,10.072992324829102,电网设备,1,94524.0,94524.0,0.0,20260202,akshare_em,,,,,,,,,,,
995,皇台酒业,17.52,9.98116683959961,白酒Ⅱ,3,94830.0,130821.0,6.0,20260202,akshare_em,,,,,,,,,,,
605151,西上海,25.19,10.0,汽车零部,2,95248.0,95533.0,3.0,20260202,akshare_em,,,,,,,,,,,
601616,广电电气,5.39,10.0,电网设备,1,95734.0,95734.0,0.0,20260202,akshare_em,,,,,,,,,,,
600172,黄河旋风,7.21,10.076335906982422,通用设备,1,95933.0,103551.0,2.0,20260202,akshare_em,,,,,,,,,,,
2606,大连电瓷,11.8,9.972041130065918,电网设备,1,100054.0,100054.0,0.0,20260202,akshare_em,,,,,,,,,,,
300215,电科院,9.68,19.9504337310791,专业服务,1,100057.0,100057.0,0.0,20260202,akshare_em,,,,,,,,,,,
2830,名雕股份,25.58,10.02150535583496,装修装饰,2,100121.0,100427.0,3.0,20260202,akshare_em,,,,,,,,,,,
2575,群兴玩具,7.92,10.0,文娱用品,1,100615.0,100615.0,0.0,20260202,akshare_em,,,,,,,,,,,
2471,中超控股,8.61,9.961685180664062,电网设备,1,105112.0,131048.0,4.0,20260202,akshare_em,,,,,,,,,,,
605255,天普股份,133.91,9.99671459197998,汽车零部,1,105438.0,105438.0,0.0,20260202,akshare_em,,,,,,,,,,,
603629,利通电子,41.14,10.0,消费电子,2,111357.0,144354.0,2.0,20260202,akshare_em,,,,,,,,,,,
688335,复洁科技,42.54,20.0,环境治理,1,111834.0,111834.0,0.0,20260202,akshare_em,,,,,,,,,,,
300265,通光线缆,15.66,20.0,电网设备,1,140536.0,140536.0,0.0,20260202,akshare_em,,,,,,,,,,,
603697,有友食品,13.54,9.991876602172852,休闲食品,1,141228.0,141228.0,0.0,20260202,akshare_em,,,,,,,,,,,
603919,金徽酒,23.98,10.0,白酒Ⅱ,1,141508.0,145526.0,3.0,20260202,akshare_em,,,,,,,,,,,
600828,茂业商业,7.24,10.030394554138184,一般零售,2,145550.0,145550.0,0.0,20260202,akshare_em,,,,,,,,,,,
2155,湖南黄金,37.0,9.98810863494873,贵金属,5,92500.0,144703.0,9.0,20260130,akshare_em,,,,,,,,,,,
600084,中信尼雅,7.28,9.969788551330566,非白酒,2,92500.0,94342.0,1.0,20260130,akshare_em,,,,,,,,,,,
600395,盘江股份,5.47,10.060362815856934,煤炭开采,1,92501.0,92501.0,0.0,20260130,akshare_em,,,,,,,,,,,
603172,万丰股份,25.73,10.00427532196045,化学制品,2,92503.0,92503.0,0.0,20260130,akshare_em,,,,,,,,,,,
688583,思看科技,128.68,20.00373077392578,通用设备,1,92503.0,92503.0,0.0,20260130,akshare_em,,,,,,,,,,,
995,皇台酒业,15.93,10.013812065124512,白酒Ⅱ,2,93006.0,93918.0,2.0,20260130,akshare_em,,,,,,,,,,,
2455,百川股份,9.59,9.97706413269043,化学制品,3,93139.0,101048.0,2.0,20260130,akshare_em,,,,,,,,,,,
603103,横店影视,25.5,10.008627891540527,影视院线,2,93745.0,93745.0,0.0,20260130,akshare_em,,,,,,,,,,,
601133,柏诚股份,18.55,10.023725509643556,专业工程,1,93913.0,104304.0,4.0,20260130,akshare_em,,,,,,,,,,,
2995,天地在线,34.51,10.009563446044922,广告营销,2,93939.0,145530.0,7.0,20260130,akshare_em,,,,,,,,,,,
603598,引力传媒,29.37,10.0,广告营销,1,93941.0,103647.0,4.0,20260130,akshare_em,,,,,,,,,,,
600313,农发种业,8.83,9.962639808654783,种植业,1,94047.0,141429.0,7.0,20260130,akshare_em,,,,,,,,,,,
603887,城地香江,15.62,10.0,IT服务Ⅱ,1,94137.0,94822.0,1.0,20260130,akshare_em,,,,,,,,,,,
600354,敦煌种业,7.92,10.0,种植业,1,94152.0,140407.0,6.0,20260130,akshare_em,,,,,,,,,,,
600828,茂业商业,6.58,10.033445358276367,一般零售,1,94423.0,94423.0,0.0,20260130,akshare_em,,,,,,,,,,,
600667,太极实业,11.22,10.0,工程咨询,1,94826.0,133238.0,1.0,20260130,akshare_em,,,,,,,,,,,
2041,登海种业,11.29,10.038986206054688,种植业,1,95557.0,102703.0,1.0,20260130,akshare_em,,,,,,,,,,,
600371,万向德农,10.29,10.053476333618164,种植业,1,95724.0,112948.0,13.0,20260130,akshare_em,,,,,,,,,,,
300805,电声股份,15.67,19.98468589782715,广告营销,1,101115.0,144427.0,1.0,20260130,akshare_em,,,,,,,,,,,
603059,倍加洁,37.29,10.0,个护用品,1,101345.0,101345.0,0.0,20260130,akshare_em,,,,,,,,,,,
798,中水渔业,11.55,10.0,渔业,1,103303.0,103303.0,0.0,20260130,akshare_em,,,,,,,,,,,
600345,长江通信,35.93,10.012247085571287,通信设备,1,104045.0,104045.0,0.0,20260130,akshare_em,,,,,,,,,,,
2491,通鼎互联,7.85,9.943977355957031,通信设备,1,110018.0,110018.0,0.0,20260130,akshare_em,,,,,,,,,,,
603861,白云电器,16.62,9.99338150024414,电网设备,1,110759.0,110759.0,0.0,20260130,akshare_em,,,,,,,,,,,
601869,长飞光纤,149.12,10.00295066833496,通信设备,1,111529.0,111529.0,0.0,20260130,akshare_em,,,,,,,,,,,
2830,名雕股份,23.25,9.9810791015625,装修装饰,1,111942.0,111942.0,0.0,20260130,akshare_em,,,,,,,,,,,
301486,致尚科技,198.37,19.9987907409668,消费电子,1,112724.0,112809.0,1.0,20260130,akshare_em,,,,,,,,,,,
603629,利通电子,37.4,10.0,消费电子,1,130010.0,130010.0,0.0,20260130,akshare_em,,,,,,,,,,,
605151,西上海,22.9,9.990394592285156,汽车零部,1,130051.0,130051.0,0.0,20260130,akshare_em,,,,,,,,,,,
605003,众望布艺,36.59,10.012025833129885,服装家纺,1,130104.0,130104.0,0.0,20260130,akshare_em,,,,,,,,,,,
688025,杰普特,161.7,20.0,自动化设,1,130113.0,133807.0,1.0,20260130,akshare_em,,,,,,,,,,,
601208,东材科技,28.42,9.984519958496094,塑料,1,130133.0,130133.0,0.0,20260130,akshare_em,,,,,,,,,,,
601231,环旭电子,33.88,10.0,消费电子,1,130246.0,130246.0,0.0,20260130,akshare_em,,,,,,,,,,,
2009,天奇股份,28.38,10.0,专用设备,1,130618.0,131336.0,2.0,20260130,akshare_em,,,,,,,,,,,
600330,天通股份,13.56,9.975668907165527,电子化学,1,130915.0,132903.0,2.0,20260130,akshare_em,,,,,,,,,,,
603331,百达精工,15.63,9.992961883544922,通用设备,1,131043.0,131043.0,0.0,20260130,akshare_em,,,,,,,,,,,
300731,科创新源,69.92,19.993135452270508,橡胶,1,131621.0,131621.0,0.0,20260130,akshare_em,,,,,,,,,,,
603618,杭电股份,9.04,9.975668907165527,电网设备,1,132008.0,132008.0,0.0,20260130,akshare_em,,,,,,,,,,,
603863,松炀资源,21.56,10.0,造纸,1,132438.0,132438.0,0.0,20260130,akshare_em,,,,,,,,,,,
2952,亚世光电,23.75,10.004631042480469,光学光电,1,132948.0,132948.0,0.0,20260130,akshare_em,,,,,,,,,,,
600487,亨通光电,35.01,9.990574836730955,通信设备,1,133905.0,133905.0,0.0,20260130,akshare_em,,,,,,,,,,,
688280,精进电动-UW,11.17,19.97851753234864,汽车零部,1,134028.0,141246.0,1.0,20260130,akshare_em,,,,,,,,,,,
605289,罗曼股份,80.41,10.0,专业工程,1,134226.0,143217.0,6.0,20260130,akshare_em,,,,,,,,,,,
603391,力聚热能,69.71,10.00473403930664,专用设备,1,135542.0,135542.0,0.0,20260130,akshare_em,,,,,,,,,,,
2562,兄弟科技,7.44,10.059171676635742,化学制品,1,140527.0,140527.0,0.0,20260130,akshare_em,,,,,,,,,,,
2137,实益达,10.14,9.978307723999023,光学光电,1,141203.0,141203.0,0.0,20260130,akshare_em,,,,,,,,,,,
2165,红 宝 丽,12.77,9.99138641357422,化学制品,1,142148.0,142148.0,0.0,20260130,akshare_em,,,,,,,,,,,
603010,万盛股份,12.13,9.97280216217041,化学制品,1,145116.0,145116.0,0.0,20260130,akshare_em,,,,,,,,,,,
506,招金黄金,28.52,9.98843002319336,贵金属,4,92500.0,145012.0,9.0,20260129,akshare_em,,,,,,,,,,,
2155,湖南黄金,33.64,10.006540298461914,贵金属,4,92500.0,92500.0,0.0,20260129,akshare_em,,,,,,,,,,,
600916,中国黄金,13.5,10.024450302124023,饰品,5,92501.0,92501.0,0.0,20260129,akshare_em,,,,,,,,,,,
600871,石化油服,3.23,9.863945960998535,油服工程,2,92501.0,130325.0,2.0,20260129,akshare_em,,,,,,,,,,,
601069,西部黄金,48.69,10.009037971496582,贵金属,2,92501.0,105025.0,4.0,20260129,akshare_em,,,,,,,,,,,
601388,怡球资源,4.37,10.075567245483398,工业金属,2,92503.0,95153.0,2.0,20260129,akshare_em,,,,,,,,,,,
600084,中信尼雅,6.62,9.966776847839355,非白酒,1,92503.0,94300.0,7.0,20260129,akshare_em,,,,,,,,,,,
600499,科达制造,16.26,10.013531684875488,专用设备,1,92504.0,93810.0,3.0,20260129,akshare_em,,,,,,,,,,,
2455,百川股份,8.72,9.96216869354248,化学制品,2,93000.0,142148.0,5.0,20260129,akshare_em,,,,,,,,,,,
813,德展健康,4.17,10.026385307312012,化学制药,1,93000.0,93000.0,0.0,20260129,akshare_em,,,,,,,,,,,
1376,百通能源,24.52,10.004486083984377,电力,2,93024.0,104733.0,2.0,20260129,akshare_em,,,,,,,,,,,
2970,锐明技术,60.91,10.005417823791504,计算机设,1,93033.0,144436.0,13.0,20260129,akshare_em,,,,,,,,,,,
603958,哈森股份,17.38,10.0,服装家纺,2,93125.0,145219.0,13.0,20260129,akshare_em,,,,,,,,,,,
2995,天地在线,31.37,9.992987632751465,广告营销,1,93127.0,93230.0,1.0,20260129,akshare_em,,,,,,,,,,,
601212,白银有色,15.19,9.992758750915527,工业金属,8,93251.0,130115.0,4.0,20260129,akshare_em,,,,,,,,,,,
603876,鼎胜新材,17.23,10.025543212890623,工业金属,1,93258.0,93346.0,1.0,20260129,akshare_em,,,,,,,,,,,
1316,润贝航科,52.4,9.991602897644045,炼化及贸,1,93412.0,93412.0,0.0,20260129,akshare_em,,,,,,,,,,,
600531,豫光金铅,24.79,9.982254028320312,工业金属,5,93445.0,145633.0,2.0,20260129,akshare_em,,,,,,,,,,,
607,华媒控股,5.28,10.0,广告营销,1,93542.0,93542.0,0.0,20260129,akshare_em,,,,,,,,,,,
300781,因赛集团,54.18,20.0,广告营销,1,93942.0,141527.0,2.0,20260129,akshare_em,,,,,,,,,,,
600986,浙文互联,13.78,9.97605800628662,广告营销,1,93959.0,142223.0,2.0,20260129,akshare_em,,,,,,,,,,,
31,大悦城,3.73,10.029498100280762,房地产开,1,94109.0,94503.0,1.0,20260129,akshare_em,,,,,,,,,,,
600959,江苏有线,4.44,9.90099048614502,电视广播,1,94241.0,94241.0,0.0,20260129,akshare_em,,,,,,,,,,,
863,三湘印象,6.7,10.016420364379885,房地产开,1,94706.0,100703.0,7.0,20260129,akshare_em,,,,,,,,,,,
300975,商络电子,16.96,20.028308868408203,元件,1,94936.0,102651.0,1.0,20260129,akshare_em,,,,,,,,,,,
600215,派斯林,7.96,9.944750785827637,自动化设,1,95107.0,95107.0,0.0,20260129,akshare_em,,,,,,,,,,,
29,深深房Ａ,21.97,10.015022277832031,房地产开,1,95615.0,95615.0,0.0,20260129,akshare_em,,,,,,,,,,,
603001,奥康国际,10.44,10.010537147521973,服装家纺,1,95816.0,95816.0,0.0,20260129,akshare_em,,,,,,,,,,,
603103,横店影视,23.18,10.014238357543944,影视院线,1,100205.0,100247.0,1.0,20260129,akshare_em,,,,,,,,,,,
603172,万丰股份,23.39,10.018814086914062,化学制品,1,100648.0,100706.0,1.0,20260129,akshare_em,,,,,,,,,,,
2181,粤 传 媒,11.81,9.962756156921388,出版,1,100700.0,101333.0,3.0,20260129,akshare_em,,,,,,,,,,,
600684,珠江股份,4.92,10.067113876342772,房地产服,1,101750.0,103311.0,2.0,20260129,akshare_em,,,,,,,,,,,
605080,浙江自然,26.9,10.0204496383667,文娱用品,1,101940.0,101940.0,0.0,20260129,akshare_em,,,,,,,,,,,
560,我爱我家,3.33,9.90099048614502,房地产服,1,102236.0,112536.0,1.0,20260129,akshare_em,,,,,,,,,,,
2948,青岛银行,5.09,9.935205459594728,银行Ⅱ,1,105027.0,105027.0,0.0,20260129,akshare_em,,,,,,,,,,,
605099,共创草坪,43.05,9.98978042602539,家居用品,1,105231.0,105231.0,0.0,20260129,akshare_em,,,,,,,,,,,
601118,海南橡胶,7.84,9.957924842834473,种植业,1,105410.0,141549.0,6.0,20260129,akshare_em,,,,,,,,,,,
601155,新城控股,17.85,9.981515884399414,房地产开,1,105428.0,112628.0,5.0,20260129,akshare_em,,,,,,,,,,,
901,航天科技,28.09,9.984338760375977,汽车零部,1,105727.0,135654.0,4.0,20260129,akshare_em,,,,,,,,,,,
2678,珠江钢琴,5.63,9.9609375,文娱用品,1,105757.0,105757.0,0.0,20260129,akshare_em,,,,,,,,,,,
600678,四川金顶,13.2,10.0,水泥,1,110033.0,141550.0,7.0,20260129,akshare_em,,,,,,,,,,,
600392,盛和资源,30.03,10.0,小金属,1,110317.0,110317.0,0.0,20260129,akshare_em,,,,,,,,,,,
603916,苏博特,14.31,9.992313385009766,水泥,1,110356.0,110356.0,0.0,20260129,akshare_em,,,,,,,,,,,
600649,城投控股,5.61,10.0,房地产开,1,110904.0,145613.0,5.0,20260129,akshare_em,,,,,,,,,,,
737,北方铜业,20.57,10.0,工业金属,2,111224.0,111224.0,0.0,20260129,akshare_em,,,,,,,,,,,
2440,闰土股份,11.83,10.04651165008545,化学制品,2,112233.0,143448.0,4.0,20260129,akshare_em,,,,,,,,,,,
878,云南铜业,29.47,10.003732681274414,工业金属,2,130006.0,140206.0,2.0,20260129,akshare_em,,,,,,,,,,,
630,铜陵有色,9.19,10.059880256652832,工业金属,2,130112.0,133230.0,1.0,20260129,akshare_em,,,,,,,,,,,
2259,升达林业,5.69,10.058026313781738,燃气Ⅱ,1,130206.0,130206.0,0.0,20260129,akshare_em,,,,,,,,,,,
1386,马可波罗,25.7,10.017123222351074,家居用品,1,130242.0,130242.0,0.0,20260129,akshare_em,,,,,,,,,,,
2207,准油股份,11.18,10.039369583129885,油服工程,2,130254.0,130254.0,0.0,20260129,akshare_em,,,,,,,,,,,
603619,中曼石油,37.27,10.005903244018556,油服工程,2,130357.0,143142.0,8.0,20260129,akshare_em,,,,,,,,,,,
603162,海通发展,14.36,10.03831386566162,航运港口,1,130741.0,132411.0,4.0,20260129,akshare_em,,,,,,,,,,,
300164,通源石油,13.24,20.036264419555664,油服工程,2,130833.0,132212.0,5.0,20260129,akshare_em,,,,,,,,,,,
600273,嘉化能源,12.16,10.045248985290527,化学制品,1,131001.0,131001.0,0.0,20260129,akshare_em,,,,,,,,,,,
554,泰山石油,8.93,9.975369453430176,炼化及贸,1,131303.0,144824.0,7.0,20260129,akshare_em,,,,,,,,,,,
600785,新华百货,22.99,10.0,一般零售,1,131431.0,131431.0,0.0,20260129,akshare_em,,,,,,,,,,,
603599,广信股份,15.5,10.007097244262695,农化制品,1,132351.0,142442.0,13.0,20260129,akshare_em,,,,,,,,,,,
995,皇台酒业,14.48,10.030394554138184,白酒Ⅱ,1,132630.0,132630.0,0.0,20260129,akshare_em,,,,,,,,,,,
799,酒鬼酒,56.85,10.003870010375977,白酒Ⅱ,1,133409.0,134500.0,3.0,20260129,akshare_em,,,,,,,,,,,
600339,中油工程,4.3,9.974424362182615,油服工程,1,134052.0,134322.0,1.0,20260129,akshare_em,,,,,,,,,,,
600759,洲际油气,5.69,10.058026313781738,油气开采,2,134348.0,134348.0,0.0,20260129,akshare_em,,,,,,,,,,,
300780,德恩精工,32.71,19.99266242980957,通用设备,1,134521.0,134521.0,0.0,20260129,akshare_em,,,,,,,,,,,
603919,金徽酒,21.54,10.010213851928713,白酒Ⅱ,1,135338.0,135541.0,2.0,20260129,akshare_em,,,,,,,,,,,
600702,舍得酒业,59.49,10.003698348999023,白酒Ⅱ,1,140101.0,141810.0,3.0,20260129,akshare_em,,,,,,,,,,,
600779,水井坊,41.99,10.00786018371582,白酒Ⅱ,1,140121.0,140121.0,0.0,20260129,akshare_em,,,,,,,,,,,
568,泸州老窖,124.23,9.996458053588867,白酒Ⅱ,1,140457.0,140457.0,0.0,20260129,akshare_em,,,,,,,,,,,
600199,金种子酒,10.3,10.04273509979248,白酒Ⅱ,1,140652.0,140652.0,0.0,20260129,akshare_em,,,,,,,,,,,
601579,会稽山,22.98,10.00478744506836,非白酒,1,140945.0,141648.0,2.0,20260129,akshare_em,,,,,,,,,,,
596,古井贡酒,138.58,10.001587867736816,白酒Ⅱ,1,142633.0,143636.0,2.0,20260129,akshare_em,,,,,,,,,,,
600809,山西汾酒,177.42,10.000619888305664,白酒Ⅱ,1,143424.0,144209.0,4.0,20260129,akshare_em,,,,,,,,,,,
600722,金牛化工,8.61,9.961685180664062,化学原料,1,143810.0,145310.0,3.0,20260129,akshare_em,,,,,,,,,,,
603980,吉华集团,6.44,10.08547019958496,化学制品,1,144340.0,150000.0,1.0,20260129,akshare_em,,,,,,,,,,,
858,五 粮 液,110.77,10.0,白酒Ⅱ,1,144439.0,144439.0,0.0,20260129,akshare_em,,,,,,,,,,,
600559,老白干酒,17.16,10.0,白酒Ⅱ,1,144505.0,144947.0,1.0,20260129,akshare_em,,,,,,,,,,,
603198,迎驾贡酒,42.63,10.012903213500977,白酒Ⅱ,1,144615.0,145021.0,2.0,20260129,akshare_em,,,,,,,,,,,
603369,今世缘,35.44,9.993792533874512,白酒Ⅱ,1,144656.0,144656.0,0.0,20260129,akshare_em,,,,,,,,,,,
603589,口子窖,31.34,10.003510475158691,白酒Ⅱ,1,144706.0,145009.0,1.0,20260129,akshare_em,,,,,,,,,,,
600059,古越龙山,10.89,10.0,非白酒,1,144805.0,145402.0,4.0,20260129,akshare_em,,,,,,,,,,,
2646,天佑德酒,9.81,9.977578163146973,白酒Ⅱ,1,145315.0,145315.0,0.0,20260129,akshare_em,,,,,,,,,,,
600197,伊力特,14.77,9.977662086486816,白酒Ⅱ,1,145339.0,145339.0,0.0,20260129,akshare_em,,,,,,,,,,,
2304,洋河股份,59.82,10.003677368164062,白酒Ⅱ,1,145503.0,145503.0,0.0,20260129,akshare_em,,,,,,,,,,,
620,盈新发展,3.72,10.059171676635742,房地产开,1,92500.0,92500.0,0.0,20260128,akshare_em,,,,,,,,,,,
815,美利云,14.28,10.01540756225586,IT服务Ⅱ,1,92500.0,94442.0,1.0,20260128,akshare_em,,,,,,,,,,,
1376,百通能源,22.29,10.019742965698242,电力,1,92500.0,92500.0,0.0,20260128,akshare_em,,,,,,,,,,,
2155,湖南黄金,30.58,10.0,贵金属,3,92500.0,92500.0,0.0,20260128,akshare_em,,,,,,,,,,,
600916,中国黄金,12.27,10.044842720031738,饰品,4,92503.0,92503.0,0.0,20260128,akshare_em,,,,,,,,,,,
2455,百川股份,7.93,9.986129760742188,化学制品,1,93027.0,95745.0,2.0,20260128,akshare_em,,,,,,,,,,,
2119,康强电子,27.23,10.020201683044434,半导体,2,93042.0,142427.0,13.0,20260128,akshare_em,,,,,,,,,,,
2169,智光电气,12.95,10.02548885345459,电网设备,1,93130.0,93130.0,0.0,20260128,akshare_em,,,,,,,,,,,
2440,闰土股份,10.75,10.030706405639648,化学制品,1,93221.0,95527.0,3.0,20260128,akshare_em,,,,,,,,,,,
688216,气派科技,33.97,19.992935180664062,半导体,1,93406.0,93406.0,0.0,20260128,akshare_em,,,,,,,,,,,
600352,浙江龙盛,14.75,9.99254322052002,化学制品,1,93437.0,100001.0,1.0,20260128,akshare_em,,,,,,,,,,,
601388,怡球资源,3.97,9.972298622131348,工业金属,1,93456.0,93917.0,1.0,20260128,akshare_em,,,,,,,,,,,
603188,亚邦股份,5.31,9.937888145446776,化学制品,1,93547.0,94211.0,1.0,20260128,akshare_em,,,,,,,,,,,
600655,豫园股份,5.82,10.018903732299805,一般零售,1,93556.0,93556.0,0.0,20260128,akshare_em,,,,,,,,,,,
3042,中农联合,25.41,10.0,农化制品,4,93636.0,93636.0,0.0,20260128,akshare_em,,,,,,,,,,,
603958,哈森股份,15.8,10.027854919433594,服装家纺,1,93843.0,101346.0,3.0,20260128,akshare_em,,,,,,,,,,,
603052,可川科技,62.07,9.994683265686035,消费电子,2,93916.0,132831.0,8.0,20260128,akshare_em,,,,,,,,,,,
599,青岛双星,6.74,9.95106029510498,汽车零部,1,94003.0,94003.0,0.0,20260128,akshare_em,,,,,,,,,,,
603900,莱绅通灵,10.53,10.031347274780272,饰品,1,94036.0,94939.0,2.0,20260128,akshare_em,,,,,,,,,,,
506,招金黄金,25.93,10.012727737426758,贵金属,3,94412.0,95348.0,1.0,20260128,akshare_em,,,,,,,,,,,
1337,四川黄金,66.86,10.003290176391602,贵金属,3,94824.0,95042.0,1.0,20260128,akshare_em,,,,,,,,,,,
600313,农发种业,7.55,10.058309555053713,种植业,1,95408.0,133633.0,5.0,20260128,akshare_em,,,,,,,,,,,
601069,西部黄金,44.26,9.990059852600098,贵金属,1,95511.0,100217.0,6.0,20260128,akshare_em,,,,,,,,,,,
603988,中电电机,38.13,10.011540412902832,电机Ⅱ,1,95814.0,105857.0,3.0,20260128,akshare_em,,,,,,,,,,,
600230,沧州大化,20.78,10.005293846130373,化学制品,1,100052.0,100052.0,0.0,20260128,akshare_em,,,,,,,,,,,
300798,锦鸡股份,9.58,20.050125122070312,化学制品,1,100112.0,100112.0,0.0,20260128,akshare_em,,,,,,,,,,,
600871,石化油服,2.94,10.112359046936035,油服工程,1,100213.0,100213.0,0.0,20260128,akshare_em,,,,,,,,,,,
601212,白银有色,13.81,10.039840698242188,工业金属,7,100220.0,100656.0,2.0,20260128,akshare_em,,,,,,,,,,,
751,锌业股份,7.11,10.061920166015623,工业金属,1,100639.0,101312.0,2.0,20260128,akshare_em,,,,,,,,,,,
600531,豫光金铅,22.54,10.00487995147705,工业金属,4,101619.0,103346.0,8.0,20260128,akshare_em,,,,,,,,,,,
2721,金一文化,3.95,10.027854919433594,饰品,1,101648.0,101648.0,0.0,20260128,akshare_em,,,,,,,,,,,
2160,常铝股份,6.77,10.081300735473633,工业金属,1,101915.0,102415.0,3.0,20260128,akshare_em,,,,,,,,,,,
573,粤宏远Ａ,4.85,9.977324485778809,房地产开,1,101918.0,112339.0,2.0,20260128,akshare_em,,,,,,,,,,,
603077,和邦生物,2.82,10.15625,农化制品,1,103122.0,103249.0,1.0,20260128,akshare_em,,,,,,,,,,,
2578,闽发铝业,5.1,9.913793563842772,工业金属,1,103727.0,111242.0,3.0,20260128,akshare_em,,,,,,,,,,,
601600,中国铝业,14.6,10.022607803344728,工业金属,1,103727.0,112124.0,9.0,20260128,akshare_em,,,,,,,,,,,
758,中色股份,9.0,10.024450302124023,工业金属,1,104003.0,134221.0,9.0,20260128,akshare_em,,,,,,,,,,,
600170,上海建工,3.18,10.034602165222168,房屋建设,1,104430.0,104430.0,0.0,20260128,akshare_em,,,,,,,,,,,
2724,海洋王,7.67,10.043041229248049,照明设备,1,105830.0,105830.0,0.0,20260128,akshare_em,,,,,,,,,,,
300139,晓程科技,70.6,20.006799697875977,贵金属,1,105912.0,110403.0,2.0,20260128,akshare_em,,,,,,,,,,,
301500,飞南资源,21.11,20.011369705200195,环境治理,1,110218.0,110218.0,0.0,20260128,akshare_em,,,,,,,,,,,
1360,南矿集团,29.58,10.003718376159668,专用设备,1,110533.0,110533.0,0.0,20260128,akshare_em,,,,,,,,,,,
962,东方钽业,43.02,9.997443199157717,小金属,1,110615.0,110615.0,0.0,20260128,akshare_em,,,,,,,,,,,
603619,中曼石油,33.88,10.0,油服工程,1,110842.0,145024.0,6.0,20260128,akshare_em,,,,,,,,,,,
630,铜陵有色,8.35,10.013175010681152,工业金属,1,111136.0,111136.0,0.0,20260128,akshare_em,,,,,,,,,,,
600987,航民股份,8.02,10.013717651367188,纺织制造,1,111147.0,111147.0,0.0,20260128,akshare_em,,,,,,,,,,,
2114,罗平锌电,11.42,10.019268035888672,工业金属,1,111439.0,111439.0,0.0,20260128,akshare_em,,,,,,,,,,,
300164,通源石油,11.03,20.02176284790039,油服工程,1,111542.0,140318.0,5.0,20260128,akshare_em,,,,,,,,,,,
603132,金徽股份,22.18,10.019841194152832,工业金属,3,111611.0,144144.0,3.0,20260128,akshare_em,,,,,,,,,,,
2207,准油股份,10.16,9.956709861755373,油服工程,1,111839.0,131509.0,1.0,20260128,akshare_em,,,,,,,,,,,
605599,菜百股份,21.71,9.979736328125,饰品,1,112130.0,130145.0,2.0,20260128,akshare_em,,,,,,,,,,,
603256,宏和科技,52.03,10.0,玻璃玻纤,1,112430.0,112430.0,0.0,20260128,akshare_em,,,,,,,,,,,
737,北方铜业,18.7,10.0,工业金属,1,112433.0,135018.0,13.0,20260128,akshare_em,,,,,,,,,,,
2237,恒邦股份,21.42,10.01540756225586,贵金属,1,112621.0,133957.0,6.0,20260128,akshare_em,,,,,,,,,,,
600869,远东股份,12.67,9.982638359069824,电网设备,1,130028.0,130028.0,0.0,20260128,akshare_em,,,,,,,,,,,
807,云铝股份,36.33,9.990917205810549,工业金属,1,130051.0,134524.0,13.0,20260128,akshare_em,,,,,,,,,,,
2080,中材科技,42.93,9.992313385009766,玻璃玻纤,1,130112.0,144424.0,10.0,20260128,akshare_em,,,,,,,,,,,
601702,华峰铝业,26.07,10.0,工业金属,1,130135.0,130135.0,0.0,20260128,akshare_em,,,,,,,,,,,
600490,鹏欣资源,11.18,10.039369583129885,工业金属,1,130238.0,145508.0,10.0,20260128,akshare_em,,,,,,,,,,,
601068,中铝国际,6.64,9.933774948120115,专业工程,1,130256.0,130256.0,0.0,20260128,akshare_em,,,,,,,,,,,
600489,中金黄金,37.71,10.005833625793455,贵金属,1,130431.0,135722.0,8.0,20260128,akshare_em,,,,,,,,,,,
2667,威领股份,21.59,9.98471736907959,专用设备,1,130733.0,144909.0,12.0,20260128,akshare_em,,,,,,,,,,,
603680,今创集团,17.37,10.006333351135254,轨交设备,1,134027.0,134027.0,0.0,20260128,akshare_em,,,,,,,,,,,
600219,南山铝业,7.85,9.943977355957031,工业金属,1,134639.0,145527.0,9.0,20260128,akshare_em,,,,,,,,,,,
2716,湖南白银,19.4,9.977324485778809,贵金属,1,135100.0,135100.0,0.0,20260128,akshare_em,,,,,,,,,,,
2532,天山铝业,20.72,9.978768348693848,工业金属,1,135212.0,144233.0,8.0,20260128,akshare_em,,,,,,,,,,,
600740,山西焦化,4.4,10.0,焦炭Ⅱ,1,135630.0,135630.0,0.0,20260128,akshare_em,,,,,,,,,,,
601015,陕西黑猫,4.32,9.923664093017578,焦炭Ⅱ,1,135900.0,140954.0,2.0,20260128,akshare_em,,,,,,,,,,,
603601,再升科技,11.77,10.0,专业工程,1,135911.0,135911.0,0.0,20260128,akshare_em,,,,,,,,,,,
301177,迪阿股份,38.76,20.0,饰品,1,140321.0,140321.0,0.0,20260128,akshare_em,,,,,,,,,,,
600459,贵研铂业,26.6,10.008271217346191,小金属,1,140454.0,145636.0,12.0,20260128,akshare_em,,,,,,,,,,,
601799,星宇股份,131.67,10.0,汽车零部,1,140731.0,144404.0,5.0,20260128,akshare_em,,,,,,,,,,,
603,盛达资源,67.28,10.006540298461914,贵金属,1,143009.0,145045.0,2.0,20260128,akshare_em,,,,,,,,,,,
600961,株冶集团,25.16,10.013117790222168,工业金属,1,143055.0,144925.0,2.0,20260128,akshare_em,,,,,,,,,,,
878,云南铜业,26.79,10.020533561706545,工业金属,1,143151.0,145251.0,4.0,20260128,akshare_em,,,,,,,,,,,
600988,赤峰黄金,46.86,10.0,贵金属,1,143411.0,144246.0,1.0,20260128,akshare_em,,,,,,,,,,,
2342,巨力索具,14.53,9.992429733276367,通用设备,1,143412.0,143412.0,0.0,20260128,akshare_em,,,,,,,,,,,
600262,北方股份,35.22,9.99375343322754,专用设备,1,143814.0,143814.0,0.0,20260128,akshare_em,,,,,,,,,,,
2842,翔鹭钨业,28.84,9.992372512817385,小金属,1,145315.0,145315.0,0.0,20260128,akshare_em,,,,,,,,,,,
600759,洲际油气,5.17,10.0,油气开采,1,145322.0,145322.0,0.0,20260128,akshare_em,,,,,,,,,,,
2155,湖南黄金,27.8,10.01187229156494,贵金属,2,92500.0,92500.0,0.0,20260127,akshare_em,,,,,,,,,,,
2291,遥望科技,8.28,9.960159301757812,广告营销,1,92500.0,95221.0,1.0,20260127,akshare_em,,,,,,,,,,,
2030,达安基因,7.71,9.985734939575195,医疗器械,2,93021.0,102939.0,2.0,20260127,akshare_em,,,,,,,,,,,
2009,天奇股份,28.72,9.996170043945312,专用设备,2,93057.0,100527.0,2.0,20260127,akshare_em,,,,,,,,,,,
2115,三维通信,15.73,10.0,通信服务,1,93106.0,95036.0,2.0,20260127,akshare_em,,,,,,,,,,,
2218,拓日新能,6.61,9.983360290527344,电力,3,93133.0,93512.0,2.0,20260127,akshare_em,,,,,,,,,,,
3042,中农联合,23.1,10.0,农化制品,3,93148.0,94130.0,1.0,20260127,akshare_em,,,,,,,,,,,
600877,电科芯片,24.78,9.986684799194336,半导体,1,93318.0,93339.0,1.0,20260127,akshare_em,,,,,,,,,,,
603132,金徽股份,20.16,9.983633041381836,工业金属,2,93356.0,145635.0,13.0,20260127,akshare_em,,,,,,,,,,,
2634,棒杰股份,5.91,10.055866241455078,服装家纺,1,93451.0,93451.0,0.0,20260127,akshare_em,,,,,,,,,,,
600531,豫光金铅,20.49,9.98389720916748,工业金属,3,93644.0,141008.0,19.0,20260127,akshare_em,,,,,,,,,,,
603121,华培动力,24.18,10.009099960327148,汽车零部,1,93730.0,93730.0,0.0,20260127,akshare_em,,,,,,,,,,,
600916,中国黄金,11.15,9.960552215576172,饰品,3,94007.0,101810.0,3.0,20260127,akshare_em,,,,,,,,,,,
600172,黄河旋风,7.16,9.984639167785645,通用设备,1,94026.0,103717.0,2.0,20260127,akshare_em,,,,,,,,,,,
506,招金黄金,23.57,9.986001014709473,贵金属,2,95854.0,142315.0,10.0,20260127,akshare_em,,,,,,,,,,,
2995,天地在线,27.61,10.0,广告营销,2,100048.0,100506.0,1.0,20260127,akshare_em,,,,,,,,,,,
592,平潭发展,10.68,9.989701271057127,林业Ⅱ,1,100848.0,100848.0,0.0,20260127,akshare_em,,,,,,,,,,,
2119,康强电子,24.75,10.0,半导体,1,101300.0,104027.0,2.0,20260127,akshare_em,,,,,,,,,,,
3031,中瓷电子,84.79,10.002593994140623,通信设备,1,101836.0,101836.0,0.0,20260127,akshare_em,,,,,,,,,,,
688110,东芯股份,153.23,20.00156593322754,半导体,1,102225.0,102225.0,0.0,20260127,akshare_em,,,,,,,,,,,
300689,澄天伟业,53.3,19.99099540710449,通信设备,1,102421.0,102421.0,0.0,20260127,akshare_em,,,,,,,,,,,
603052,可川科技,56.43,10.0,消费电子,1,103004.0,103004.0,0.0,20260127,akshare_em,,,,,,,,,,,
2524,光正眼科,5.56,10.099010467529297,医疗服务,2,103327.0,103348.0,1.0,20260127,akshare_em,,,,,,,,,,,
605288,凯迪股份,131.42,10.002511024475098,自动化设,1,103728.0,103728.0,0.0,20260127,akshare_em,,,,,,,,,,,
603929,亚翔集成,149.6,10.0,专业工程,1,103928.0,103928.0,0.0,20260127,akshare_em,,,,,,,,,,,
2796,世嘉科技,50.39,9.997817039489746,通信设备,1,104221.0,143309.0,2.0,20260127,akshare_em,,,,,,,,,,,
603163,圣晖集成,101.59,10.005414962768556,专业工程,1,104322.0,104322.0,0.0,20260127,akshare_em,,,,,,,,,,,
603061,金海通,279.4,10.0,半导体,1,104324.0,104324.0,0.0,20260127,akshare_em,,,,,,,,,,,
601212,白银有色,12.55,9.991235733032228,工业金属,6,104414.0,140353.0,9.0,20260127,akshare_em,,,,,,,,,,,
603120,肯特催化,45.8,9.990394592285156,化学制品,1,111222.0,111425.0,1.0,20260127,akshare_em,,,,,,,,,,,
603212,赛伍技术,17.47,10.01259422302246,光伏设备,1,112230.0,130733.0,1.0,20260127,akshare_em,,,,,,,,,,,
1267,汇绿生态,28.09,9.984338760375977,基础建设,1,112330.0,112330.0,0.0,20260127,akshare_em,,,,,,,,,,,
300806,斯迪克,50.04,20.0,塑料,1,112803.0,112803.0,0.0,20260127,akshare_em,,,,,,,,,,,
2943,宇晶股份,77.0,10.0,通用设备,1,130127.0,130127.0,0.0,20260127,akshare_em,,,,,,,,,,,
300639,凯普生物,8.7,20.0,医疗器械,2,130806.0,143639.0,10.0,20260127,akshare_em,,,,,,,,,,,
603488,展鹏科技,10.59,9.968847274780272,专用设备,1,130951.0,130951.0,0.0,20260127,akshare_em,,,,,,,,,,,
2446,盛路通信,12.46,9.97352123260498,军工电子,1,131103.0,131103.0,0.0,20260127,akshare_em,,,,,,,,,,,
1311,多利科技,44.48,9.990108489990234,汽车零部,1,131254.0,131254.0,0.0,20260127,akshare_em,,,,,,,,,,,
600391,航发科技,53.12,10.002070426940918,航空装备,1,131608.0,131608.0,0.0,20260127,akshare_em,,,,,,,,,,,
603916,苏博特,13.67,9.97586441040039,水泥,1,131713.0,131713.0,0.0,20260127,akshare_em,,,,,,,,,,,
738,航发控制,26.33,9.983291625976562,航空装备,1,131842.0,141354.0,2.0,20260127,akshare_em,,,,,,,,,,,
2150,正泰电源,25.88,9.987250328063965,通用设备,1,132221.0,132221.0,0.0,20260127,akshare_em,,,,,,,,,,,
600475,华光环能,21.48,9.984639167785645,电力,1,134236.0,134236.0,0.0,20260127,akshare_em,,,,,,,,,,,
603381,永臻股份,23.35,9.985869407653809,光伏设备,1,134249.0,135243.0,1.0,20260127,akshare_em,,,,,,,,,,,
600893,航发动力,50.59,10.002174377441406,航空装备,1,134312.0,134312.0,0.0,20260127,akshare_em,,,,,,,,,,,
603663,三祥新材,41.47,10.0,化学原料,1,134631.0,134631.0,0.0,20260127,akshare_em,,,,,,,,,,,
2185,华天科技,14.66,9.977494239807127,半导体,1,135212.0,135212.0,0.0,20260127,akshare_em,,,,,,,,,,,
688702,盛科通信-U,162.53,20.0014762878418,半导体,1,135647.0,135647.0,0.0,20260127,akshare_em,,,,,,,,,,,
600602,云赛智联,22.17,10.024813652038574,软件开发,1,135849.0,140804.0,2.0,20260127,akshare_em,,,,,,,,,,,
301396,宏景科技,98.1,20.0,IT服务Ⅱ,1,135909.0,135909.0,0.0,20260127,akshare_em,,,,,,,,,,,
603396,金辰股份,46.49,10.009465217590332,光伏设备,1,140118.0,140118.0,0.0,20260127,akshare_em,,,,,,,,,,,
1337,四川黄金,60.78,10.00904941558838,贵金属,2,143851.0,145627.0,3.0,20260127,akshare_em,,,,,,,,,,,
659,珠海中富,4.93,10.044642448425291,包装印刷,1,145112.0,145112.0,0.0,20260127,akshare_em,,,,,,,,,,,
1896,豫能控股,9.12,10.012063026428224,电力,3,92500.0,92500.0,0.0,20260217,akshare_em,,,,,,,,,,,
605033,美邦股份,28.67,10.01534938812256,农化制品,3,92503.0,92503.0,0.0,20260217,akshare_em,,,,,,,,,,,
839,国安股份,3.39,10.064934730529783,通信服务,1,93000.0,93000.0,0.0,20260217,akshare_em,,,,,,,,,,,
2951,金时科技,19.48,9.99435329437256,其他电源,3,93018.0,95430.0,5.0,20260217,akshare_em,,,,,,,,,,,
603533,掌阅科技,37.62,10.0,数字媒体,5,93050.0,93241.0,2.0,20260217,akshare_em,,,,,,,,,,,
2498,汉缆股份,6.77,10.081300735473633,电网设备,2,93109.0,94345.0,5.0,20260217,akshare_em,,,,,,,,,,,
603466,风语筑,11.68,9.98116683959961,数字媒体,1,93527.0,102515.0,6.0,20260217,akshare_em,,,,,,,,,,,
300449,汉邦高科,9.18,20.0,计算机设,1,93703.0,102951.0,1.0,20260217,akshare_em,,,,,,,,,,,
600410,华胜天成,24.61,10.013410568237305,IT服务Ⅱ,1,93814.0,101523.0,1.0,20260217,akshare_em,,,,,,,,,,,
601890,亚星锚链,12.39,10.035523414611816,航海装备,1,94411.0,94411.0,0.0,20260217,akshare_em,,,,,,,,,,,
603331,百达精工,19.8,10.0,通用设备,1,94546.0,94546.0,0.0,20260217,akshare_em,,,,,,,,,,,
2703,浙江世宝,22.94,10.023980140686035,汽车零部,1,94712.0,101421.0,1.0,20260217,akshare_em,,,,,,,,,,,
2843,泰嘉股份,20.85,10.026385307312012,通用设备,1,95003.0,95003.0,0.0,20260217,akshare_em,,,,,,,,,,,
600984,建设机械,4.59,10.071942329406738,工程机械,1,95045.0,111533.0,1.0,20260217,akshare_em,,,,,,,,,,,
600629,华建集团,21.19,10.020769119262695,工程咨询,1,95324.0,95324.0,0.0,20260217,akshare_em,,,,,,,,,,,
798,中水渔业,12.46,9.97352123260498,渔业,1,95751.0,95751.0,0.0,20260217,akshare_em,,,,,,,,,,,
600791,京能置业,7.29,9.954751014709473,房地产开,1,95833.0,95833.0,0.0,20260217,akshare_em,,,,,,,,,,,
859,国风新材,11.97,10.01838207244873,塑料,1,95936.0,103218.0,2.0,20260217,akshare_em,,,,,,,,,,,
605007,五洲特纸,16.43,9.973226547241213,造纸,1,100214.0,100214.0,0.0,20260217,akshare_em,,,,,,,,,,,
300812,易天股份,41.76,20.0,消费电子,1,100542.0,101506.0,2.0,20260217,akshare_em,,,,,,,,,,,
603163,圣晖集成,128.99,10.003411293029783,专业工程,1,101815.0,101815.0,0.0,20260217,akshare_em,,,,,,,,,,,
2169,智光电气,15.3,9.99281120300293,电网设备,1,102203.0,102203.0,0.0,20260217,akshare_em,,,,,,,,,,,
603960,克来机电,27.73,9.996033668518066,自动化设,1,102322.0,144022.0,4.0,20260217,akshare_em,,,,,,,,,,,
2510,天汽模,8.5,9.961190223693848,汽车零部,1,102757.0,103436.0,4.0,20260217,akshare_em,,,,,,,,,,,
300719,安达维尔,20.89,19.988513946533203,航空装备,1,104306.0,104306.0,0.0,20260217,akshare_em,,,,,,,,,,,
605289,罗曼股份,89.98,10.0,专业工程,1,105202.0,131708.0,2.0,20260217,akshare_em,,,,,,,,,,,
2009,天奇股份,35.64,10.0,专用设备,1,110303.0,132618.0,3.0,20260217,akshare_em,,,,,,,,,,,
2355,兴民智通,7.47,10.014727592468262,汽车零部,1,110409.0,110409.0,0.0,20260217,akshare_em,,,,,,,,,,,
601777,千里科技,11.39,10.048309326171877,摩托车及,1,111026.0,134938.0,1.0,20260217,akshare_em,,,,,,,,,,,
890,法尔胜,6.03,10.03649616241455,环保设备,1,111933.0,111933.0,0.0,20260217,akshare_em,,,,,,,,,,,
21,深科技,32.29,10.017035484313965,消费电子,1,130400.0,144657.0,5.0,20260217,akshare_em,,,,,,,,,,,
600893,航发动力,57.17,10.005772590637209,航空装备,1,135430.0,135933.0,1.0,20260217,akshare_em,,,,,,,,,,,
1896,豫能控股,9.12,10.012063026428224,电力,3,92500.0,92500.0,0.0,20260216,akshare_em,,,,,,,,,,,
605033,美邦股份,28.67,10.01534938812256,农化制品,3,92503.0,92503.0,0.0,20260216,akshare_em,,,,,,,,,,,
839,国安股份,3.39,10.064934730529783,通信服务,1,93000.0,93000.0,0.0,20260216,akshare_em,,,,,,,,,,,
2951,金时科技,19.48,9.99435329437256,其他电源,3,93018.0,95430.0,5.0,20260216,akshare_em,,,,,,,,,,,
603533,掌阅科技,37.62,10.0,数字媒体,5,93050.0,93241.0,2.0,20260216,akshare_em,,,,,,,,,,,
2498,汉缆股份,6.77,10.081300735473633,电网设备,2,93109.0,94345.0,5.0,20260216,akshare_em,,,,,,,,,,,
603466,风语筑,11.68,9.98116683959961,数字媒体,1,93527.0,102515.0,6.0,20260216,akshare_em,,,,,,,,,,,
300449,汉邦高科,9.18,20.0,计算机设,1,93703.0,102951.0,1.0,20260216,akshare_em,,,,,,,,,,,
600410,华胜天成,24.61,10.013410568237305,IT服务Ⅱ,1,93814.0,101523.0,1.0,20260216,akshare_em,,,,,,,,,,,
601890,亚星锚链,12.39,10.035523414611816,航海装备,1,94411.0,94411.0,0.0,20260216,akshare_em,,,,,,,,,,,
603331,百达精工,19.8,10.0,通用设备,1,94546.0,94546.0,0.0,20260216,akshare_em,,,,,,,,,,,
2703,浙江世宝,22.94,10.023980140686035,汽车零部,1,94712.0,101421.0,1.0,20260216,akshare_em,,,,,,,,,,,
2843,泰嘉股份,20.85,10.026385307312012,通用设备,1,95003.0,95003.0,0.0,20260216,akshare_em,,,,,,,,,,,
600984,建设机械,4.59,10.071942329406738,工程机械,1,95045.0,111533.0,1.0,20260216,akshare_em,,,,,,,,,,,
600629,华建集团,21.19,10.020769119262695,工程咨询,1,95324.0,95324.0,0.0,20260216,akshare_em,,,,,,,,,,,
798,中水渔业,12.46,9.97352123260498,渔业,1,95751.0,95751.0,0.0,20260216,akshare_em,,,,,,,,,,,
600791,京能置业,7.29,9.954751014709473,房地产开,1,95833.0,95833.0,0.0,20260216,akshare_em,,,,,,,,,,,
859,国风新材,11.97,10.01838207244873,塑料,1,95936.0,103218.0,2.0,20260216,akshare_em,,,,,,,,,,,
605007,五洲特纸,16.43,9.973226547241213,造纸,1,100214.0,100214.0,0.0,20260216,akshare_em,,,,,,,,,,,
300812,易天股份,41.76,20.0,消费电子,1,100542.0,101506.0,2.0,20260216,akshare_em,,,,,,,,,,,
603163,圣晖集成,128.99,10.003411293029783,专业工程,1,101815.0,101815.0,0.0,20260216,akshare_em,,,,,,,,,,,
2169,智光电气,15.3,9.99281120300293,电网设备,1,102203.0,102203.0,0.0,20260216,akshare_em,,,,,,,,,,,
603960,克来机电,27.73,9.996033668518066,自动化设,1,102322.0,144022.0,4.0,20260216,akshare_em,,,,,,,,,,,
2510,天汽模,8.5,9.961190223693848,汽车零部,1,102757.0,103436.0,4.0,20260216,akshare_em,,,,,,,,,,,
300719,安达维尔,20.89,19.988513946533203,航空装备,1,104306.0,104306.0,0.0,20260216,akshare_em,,,,,,,,,,,
605289,罗曼股份,89.98,10.0,专业工程,1,105202.0,131708.0,2.0,20260216,akshare_em,,,,,,,,,,,
2009,天奇股份,35.64,10.0,专用设备,1,110303.0,132618.0,3.0,20260216,akshare_em,,,,,,,,,,,
2355,兴民智通,7.47,10.014727592468262,汽车零部,1,110409.0,110409.0,0.0,20260216,akshare_em,,,,,,,,,,,
601777,千里科技,11.39,10.048309326171877,摩托车及,1,111026.0,134938.0,1.0,20260216,akshare_em,,,,,,,,,,,
890,法尔胜,6.03,10.03649616241455,环保设备,1,111933.0,111933.0,0.0,20260216,akshare_em,,,,,,,,,,,
21,深科技,32.29,10.017035484313965,消费电子,1,130400.0,144657.0,5.0,20260216,akshare_em,,,,,,,,,,,
600893,航发动力,57.17,10.005772590637209,航空装备,1,135430.0,135933.0,1.0,20260216,akshare_em,,,,,,,,,,,
1896,豫能控股,9.12,10.012063026428224,电力,3,92500.0,92500.0,0.0,20260213,akshare_em,,,,,,,,,,,
605033,美邦股份,28.67,10.01534938812256,农化制品,3,92503.0,92503.0,0.0,20260213,akshare_em,,,,,,,,,,,
839,国安股份,3.39,10.064934730529783,通信服务,1,93000.0,93000.0,0.0,20260213,akshare_em,,,,,,,,,,,
2951,金时科技,19.48,9.99435329437256,其他电源,3,93018.0,95430.0,5.0,20260213,akshare_em,,,,,,,,,,,
603533,掌阅科技,37.62,10.0,数字媒体,5,93050.0,93241.0,2.0,20260213,akshare_em,,,,,,,,,,,
2498,汉缆股份,6.77,10.081300735473633,电网设备,2,93109.0,94345.0,5.0,20260213,akshare_em,,,,,,,,,,,
603466,风语筑,11.68,9.98116683959961,数字媒体,1,93527.0,102515.0,6.0,20260213,akshare_em,,,,,,,,,,,
300449,汉邦高科,9.18,20.0,计算机设,1,93703.0,102951.0,1.0,20260213,akshare_em,,,,,,,,,,,
600410,华胜天成,24.61,10.013410568237305,IT服务Ⅱ,1,93814.0,101523.0,1.0,20260213,akshare_em,,,,,,,,,,,
601890,亚星锚链,12.39,10.035523414611816,航海装备,1,94411.0,94411.0,0.0,20260213,akshare_em,,,,,,,,,,,
603331,百达精工,19.8,10.0,通用设备,1,94546.0,94546.0,0.0,20260213,akshare_em,,,,,,,,,,,
2703,浙江世宝,22.94,10.023980140686035,汽车零部,1,94712.0,101421.0,1.0,20260213,akshare_em,,,,,,,,,,,
2843,泰嘉股份,20.85,10.026385307312012,通用设备,1,95003.0,95003.0,0.0,20260213,akshare_em,,,,,,,,,,,
600984,建设机械,4.59,10.071942329406738,工程机械,1,95045.0,111533.0,1.0,20260213,akshare_em,,,,,,,,,,,
600629,华建集团,21.19,10.020769119262695,工程咨询,1,95324.0,95324.0,0.0,20260213,akshare_em,,,,,,,,,,,
798,中水渔业,12.46,9.97352123260498,渔业,1,95751.0,95751.0,0.0,20260213,akshare_em,,,,,,,,,,,
600791,京能置业,7.29,9.954751014709473,房地产开,1,95833.0,95833.0,0.0,20260213,akshare_em,,,,,,,,,,,
859,国风新材,11.97,10.01838207244873,塑料,1,95936.0,103218.0,2.0,20260213,akshare_em,,,,,,,,,,,
605007,五洲特纸,16.43,9.973226547241213,造纸,1,100214.0,100214.0,0.0,20260213,akshare_em,,,,,,,,,,,
300812,易天股份,41.76,20.0,消费电子,1,100542.0,101506.0,2.0,20260213,akshare_em,,,,,,,,,,,
603163,圣晖集成,128.99,10.003411293029783,专业工程,1,101815.0,101815.0,0.0,20260213,akshare_em,,,,,,,,,,,
2169,智光电气,15.3,9.99281120300293,电网设备,1,102203.0,102203.0,0.0,20260213,akshare_em,,,,,,,,,,,
603960,克来机电,27.73,9.996033668518066,自动化设,1,102322.0,144022.0,4.0,20260213,akshare_em,,,,,,,,,,,
2510,天汽模,8.5,9.961190223693848,汽车零部,1,102757.0,103436.0,4.0,20260213,akshare_em,,,,,,,,,,,
300719,安达维尔,20.89,19.988513946533203,航空装备,1,104306.0,104306.0,0.0,20260213,akshare_em,,,,,,,,,,,
605289,罗曼股份,89.98,10.0,专业工程,1,105202.0,131708.0,2.0,20260213,akshare_em,,,,,,,,,,,
2009,天奇股份,35.64,10.0,专用设备,1,110303.0,132618.0,3.0,20260213,akshare_em,,,,,,,,,,,
2355,兴民智通,7.47,10.014727592468262,汽车零部,1,110409.0,110409.0,0.0,20260213,akshare_em,,,,,,,,,,,
601777,千里科技,11.39,10.048309326171877,摩托车及,1,111026.0,134938.0,1.0,20260213,akshare_em,,,,,,,,,,,
890,法尔胜,6.03,10.03649616241455,环保设备,1,111933.0,111933.0,0.0,20260213,akshare_em,,,,,,,,,,,
21,深科技,32.29,10.017035484313965,消费电子,1,130400.0,144657.0,5.0,20260213,akshare_em,,,,,,,,,,,
600893,航发动力,57.17,10.005772590637209,航空装备,1,135430.0,135933.0,1.0,20260213,akshare_em,,,,,,,,,,,
1896,豫能控股,9120.0,10.012063026428224,电力,3,,,,20260218,eastmoney_zt,0.0,237425721.0,13915125729.599998,13915125711.36,1.7062419652938845,3.0,92500.0,92500.0,240742263.0,0.0,3.0
605033,美邦股份,28670.0,10.01534938812256,农化制品,3,,,,20260218,eastmoney_zt,1.0,78780659.0,3876184000.0,3876184000.0,2.03242826461792,3.0,92503.0,92503.0,400355248.0,0.0,3.0
839,国安股份,3390.0,10.064934730529783,通信服务,4,,,,20260218,eastmoney_zt,0.0,359702384.0,13288211333.28,13288211333.28,2.7069284915924072,1.0,93000.0,93000.0,315050328.0,0.0,2.0
2951,金时科技,19480.0,9.99435329437256,其他电源,3,,,,20260218,eastmoney_zt,0.0,691967888.0,7813903799.0,7889400000.0,8.987775802612305,3.0,93018.0,95430.0,102630380.0,5.0,3.0
603533,掌阅科技,37620.0,10.0,数字媒体,5,,,,20260218,eastmoney_zt,1.0,2462157872.0,16511298932.7,16511298819.839998,15.118417739868164,5.0,93050.0,93241.0,277071300.0,2.0,5.0
2498,汉缆股份,6770.0,10.081300735473633,电网设备,2,,,,20260218,eastmoney_zt,0.0,1829739760.0,22522408920.0,22522408920.0,8.2408447265625,2.0,93109.0,94345.0,111278645.0,5.0,2.0
603466,风语筑,11680.0,9.98116683959961,数字媒体,5,,,,20260218,eastmoney_zt,1.0,1708631360.0,6947100701.92,6947100666.88,24.9328556060791,1.0,93527.0,102515.0,41877098.0,6.0,3.0
300449,汉邦高科,9180.0,20.0,计算机设,1,,,,20260218,eastmoney_zt,0.0,603615552.0,3543810379.02,3543810333.12,17.483394622802734,1.0,93703.0,102951.0,35815035.0,1.0,1.0
600410,华胜天成,24610.0,10.013410568237305,IT服务Ⅱ,1,,,,20260218,eastmoney_zt,1.0,5537259776.0,26984734148.63,26984734271.68,20.858917236328125,1.0,93814.0,101523.0,289096278.0,1.0,1.0
601890,亚星锚链,12390.0,10.035523414611816,航海装备,1,,,,20260218,eastmoney_zt,1.0,991289360.0,11886966000.0,11886966000.0,8.536779403686523,1.0,94411.0,94411.0,84585724.0,0.0,1.0
603331,百达精工,19800.0,10.0,通用设备,1,,,,20260218,eastmoney_zt,1.0,529055136.0,4003077592.8,4003077592.8,13.476895332336426,1.0,94546.0,94546.0,43518420.0,0.0,1.0
2703,浙江世宝,22940.0,10.023980140686035,汽车零部,1,,,,20260218,eastmoney_zt,0.0,1723154000.0,13443942817.56,18871186888.960003,13.024235725402832,1.0,94712.0,101421.0,78786994.0,1.0,1.0
2843,泰嘉股份,20850.0,10.026385307312012,通用设备,1,,,,20260218,eastmoney_zt,0.0,465140128.0,5229024917.700001,5248728167.700001,9.086482048034668,1.0,95003.0,95003.0,81722325.0,0.0,1.0
600984,建设机械,4590.0,10.071942329406738,工程机械,1,,,,20260218,eastmoney_zt,1.0,643965984.0,5769831615.75,5769831592.8,11.367511749267578,1.0,95045.0,111533.0,24244839.0,1.0,1.0
600629,华建集团,21190.0,10.020769119262695,工程咨询,1,,,,20260218,eastmoney_zt,1.0,803527904.0,20196550289.5,20561476120.64,4.052088737487793,1.0,95324.0,95324.0,143075536.0,0.0,1.0
798,中水渔业,12460.0,9.97352123260498,渔业,1,,,,20260218,eastmoney_zt,0.0,526750816.0,4558319201.52,4558599651.200001,11.836644172668455,1.0,95751.0,95751.0,108226314.0,0.0,1.0
600791,京能置业,7290.0,9.954751014709473,房地产开,1,,,,20260218,eastmoney_zt,1.0,153431222.0,3297366843.84,3301495200.0,4.747152805328369,1.0,95833.0,95833.0,19205162.0,0.0,1.0
859,国风新材,11970.0,10.01838207244873,塑料,4,,,,20260218,eastmoney_zt,0.0,1747475056.0,10724225493.87,10724835975.84,16.58543586730957,1.0,95936.0,103218.0,75787061.0,2.0,2.0
605007,五洲特纸,16430.0,9.973226547241213,造纸,1,,,,20260218,eastmoney_zt,1.0,318974800.0,6597516611.5,7816243900.0,5.031145095825195,1.0,100214.0,100214.0,46414667.0,0.0,1.0
300812,易天股份,41760.0,20.0,消费电子,1,,,,20260218,eastmoney_zt,0.0,1172478080.0,3871488460.32,5849616731.04,32.03544616699219,1.0,100542.0,101506.0,21681792.0,2.0,1.0
603163,圣晖集成,128990.0,10.003411293029783,专业工程,1,,,,20260218,eastmoney_zt,1.0,395203040.0,12899000000.0,12899000000.0,3.1365740299224854,1.0,101815.0,101815.0,98825817.0,0.0,1.0
2169,智光电气,15300.0,9.99281120300293,电网设备,1,,,,20260218,eastmoney_zt,0.0,826353648.0,11607711695.1,11975372668.8,7.353035926818848,1.0,102203.0,102203.0,84797190.0,0.0,1.0
603960,克来机电,27730.0,9.996033668518066,自动化设,4,,,,20260218,eastmoney_zt,1.0,780909760.0,7270747767.0,7270747767.0,11.055290222167969,1.0,102322.0,144022.0,17880997.0,4.0,2.0
2510,天汽模,8500.0,9.961190223693848,汽车零部,1,,,,20260218,eastmoney_zt,0.0,1119917856.0,8541199041.0,8628678984.0,13.499558448791504,1.0,102757.0,103436.0,57394448.0,4.0,1.0
300719,安达维尔,20890.0,19.988513946533203,航空装备,1,,,,20260218,eastmoney_zt,0.0,1145826208.0,3752264557.48,5310805163.5,31.971797943115234,1.0,104306.0,104306.0,78312640.0,0.0,1.0
605289,罗曼股份,89980.0,10.0,专业工程,1,,,,20260218,eastmoney_zt,1.0,944517296.0,9748208250.0,9808494850.0,9.890524864196776,1.0,105202.0,131708.0,15062652.0,2.0,1.0
2009,天奇股份,35640.0,10.0,专用设备,1,,,,20260218,eastmoney_zt,0.0,3829849264.0,12620928359.16,14335591248.0,31.175167083740234,1.0,110303.0,132618.0,53823029.0,3.0,1.0
2355,兴民智通,7470.0,10.014727592468262,汽车零部,1,,,,20260218,eastmoney_zt,0.0,503169072.0,4617704875.5,4993553129.76,11.385124206542969,1.0,110409.0,110409.0,101116624.0,0.0,1.0
601777,千里科技,11390.0,10.048309326171877,摩托车及,1,,,,20260218,eastmoney_zt,1.0,1249177728.0,51495329808.69,51495329364.48,2.4836697578430176,1.0,111026.0,134938.0,57219829.0,1.0,1.0
890,法尔胜,6030.0,10.03649616241455,环保设备,1,,,,20260218,eastmoney_zt,0.0,440212704.0,2529531007.38,2529608927.04,18.01920509338379,1.0,111933.0,111933.0,72900589.0,0.0,1.0
21,深科技,32290.0,10.017035484313965,消费电子,1,,,,20260218,eastmoney_zt,0.0,7683213824.0,50741448641.97,50749563732.48,15.449925422668455,1.0,130400.0,144657.0,128572322.0,5.0,1.0
600893,航发动力,57170.0,10.005772590637209,航空装备,1,,,,20260218,eastmoney_zt,1.0,5530400512.0,152365182414.86002,152392022700.80002,3.7678747177124015,1.0,135430.0,135933.0,191780652.0,1.0,1.0
