date,code,name,rank,rank_change,sector,holder_count,holder_count_change,holding_amount,amount_change
2025-11-17,001270.SZ,*ST铖昌,80,17,商业航天,5,1,132.09,2.66
2025-11-18,001270.SZ,*ST铖昌,74,18,商业航天,5,1,132.09,2.66
2026-02-04,001270.SZ,*ST铖昌,61,新进,商业航天,6,6,63.13,63.13
2026-02-05,001270.SZ,*ST铖昌,110,-42,商业航天,4,-2,58.54,-4.59
2026-02-07,001270.SZ,*ST铖昌,80,17,商业航天,5,1,132.09,2.66
2026-02-08,001270.SZ,*ST铖昌,74,18,商业航天,5,1,132.09,2.66
2026-02-11,001270.SZ,*ST铖昌,97,65,商业航天,4,1,133.69,22.45
2026-02-12,001270.SZ,*ST铖昌,88,9,商业航天,4,0,129.43,-4.26
2026-02-13,001270.SZ,*ST铖昌,74,18,商业航天,5,1,132.09,2.66
2026-02-05,000821.SZ,ST京机,37,154,工业母机/机器人,9,7,310.37,23.78
2026-02-06,000821.SZ,ST京机,41,-5,工业母机/机器人,8,-1,536.22,225.85
2026-02-09,000821.SZ,ST京机,48,-5,工业母机/机器人,8,0,203.77,-332.45
2026-02-11,000711.SZ,ST京蓝,102,61,基础建设/环保,4,1,5.55,-13.88
2026-02-12,000711.SZ,ST京蓝,109,-7,基础建设/环保,4,0,15.89,10.34
2026-02-05,300152.SZ,ST新动力,99,新进,基础建设/环保,4,4,19.78,19.78
2026-02-04,002129.SZ,TCL中环,36,新进,光伏/半导体设备,11,11,352.72,352.72
2026-02-05,002129.SZ,TCL中环,64,-29,光伏/半导体设备,5,-6,9.02,-343.7
2026-02-09,002129.SZ,TCL中环,57,123,光伏/半导体设备,8,6,16.35,9.35
2026-02-10,002129.SZ,TCL中环,71,-23,光伏/半导体设备,6,-2,25.1,8.75
2026-02-11,002129.SZ,TCL中环,52,19,光伏/半导体设备,6,0,8.02,-17.08
2026-02-04,603172.SH,万丰股份,68,新进,化工,6,6,23.81,23.81
2025-11-17,300624.SZ,万兴科技,111,-34,AI应用/国产软件,3,-2,65.61,-34.68
2025-11-19,300624.SZ,万兴科技,111,-34,AI应用/国产软件,3,-2,65.61,-34.68
2026-02-09,300624.SZ,万兴科技,27,新进,AI应用/国产软件,12,12,111.09,111.09
2026-02-10,300624.SZ,万兴科技,50,-25,AI应用/国产软件,8,-4,94.86,-16.23
2026-02-12,300624.SZ,万兴科技,71,70,AI应用/国产软件,5,2,100.29,57.7
2025-11-17,000559.SZ,万向钱潮,20,56,机器人/汽车零部件,13,8,43.86,32.86
2025-11-18,000559.SZ,万向钱潮,20,49,机器人/汽车零部件,13,8,43.86,32.86
2026-02-10,000559.SZ,万向钱潮,76,300,机器人/汽车零部件,6,5,41.01,39.06
2026-02-11,000559.SZ,万向钱潮,31,45,机器人/汽车零部件,10,4,41.02,0.01
2026-02-12,000559.SZ,万向钱潮,82,-51,机器人/汽车零部件,5,-5,11.0,-30.02
2026-02-13,000559.SZ,万向钱潮,20,49,机器人/汽车零部件,13,8,43.86,32.86
2025-11-17,300552.SZ,万集科技,117,新进,智能驾驶/低空经济,3,3,41.16,41.16
2025-11-18,300552.SZ,万集科技,117,新进,智能驾驶/低空经济,3,3,41.16,41.16
2026-02-09,601360.SH,三六零,21,103,AI应用,13,10,261.69,238.8
2026-02-10,601360.SH,三六零,47,-26,AI应用,8,-5,34.19,-227.5
2026-02-12,601360.SH,三六零,120,86,AI应用,3,1,20.47,-0.16
2026-02-04,002112.SZ,三变科技,54,新进,储能/电气设备,7,7,36.88,36.88
2026-02-06,002112.SZ,三变科技,65,72,储能/电气设备,6,3,128.84,-0.06
2026-02-09,002112.SZ,三变科技,41,15,储能/电气设备,9,3,115.37,-13.47
2026-02-10,002112.SZ,三变科技,46,-3,储能/电气设备,8,-1,68.17,-47.2
2026-02-04,601116.SH,三江购物,100,新进,零售,4,4,19.64,19.64
2026-02-05,601116.SH,三江购物,38,67,零售,9,5,242.41,222.77
2026-02-06,601116.SH,三江购物,33,4,零售,10,1,300.72,58.31
2026-02-10,002115.SZ,三维通信,68,511,商业航天/AI应用,6,5,119.53,117.24
2025-11-18,002050.SZ,三花智控,110,138,机器人/汽车零部件,3,1,628.92,625.76
2025-11-22,002050.SZ,三花智控,110,138,机器人/汽车零部件,3,1,628.92,625.76
2026-02-04,300775.SZ,三角防务,52,新进,军工/商业航天,8,8,381.01,381.01
2026-02-05,300775.SZ,三角防务,76,-26,军工/商业航天,5,-3,179.92,-201.09
2026-02-06,300775.SZ,三角防务,108,-27,军工/商业航天,4,-1,241.48,61.56
2026-02-09,300775.SZ,三角防务,88,25,军工/商业航天,5,1,485.63,244.15
2026-02-10,300775.SZ,三角防务,40,53,军工/商业航天,10,5,738.7,253.07
2026-02-11,300775.SZ,三角防务,120,-80,军工/商业航天,3,-7,299.97,-438.73
2026-02-12,300775.SZ,三角防务,79,41,军工/商业航天,5,2,277.52,-22.45
2025-11-17,300762.SZ,上海瀚讯,116,25,商业航天/军工,3,0,28.13,4.22
2025-11-19,300762.SZ,上海瀚讯,116,25,商业航天/军工,3,0,28.13,4.22
2026-02-10,601595.SH,上海电影,28,新进,文化传媒/零售,12,12,121.64,121.64
2026-02-11,601595.SH,上海电影,56,-28,文化传媒/零售,6,-6,30.81,-90.83
2025-11-17,300166.SZ,东方国信,54,-33,AI应用/金融概念,7,-8,53.65,-167.73
2025-11-18,300166.SZ,东方国信,57,-38,AI应用/金融概念,7,-8,53.65,-167.73
2026-02-09,300166.SZ,东方国信,20,新进,AI应用/金融概念,14,14,317.23,317.23
2026-02-10,300166.SZ,东方国信,32,-13,AI应用/金融概念,11,-3,377.83,60.6
2026-02-11,300166.SZ,东方国信,19,13,AI应用/金融概念,13,2,375.62,-2.21
2026-02-12,300166.SZ,东方国信,21,-2,AI应用/金融概念,15,2,221.38,-154.24
2026-02-13,300166.SZ,东方国信,57,-38,AI应用/金融概念,7,-8,53.65,-167.73
2026-02-04,300118.SZ,东方日升,12,新进,光伏,24,24,340.08,340.08
2026-02-05,300118.SZ,东方日升,17,-5,光伏,15,-9,216.14,-123.94
2026-02-06,300118.SZ,东方日升,61,-44,光伏,6,-9,60.34,-155.8
2026-02-09,300118.SZ,东方日升,15,47,光伏,18,12,256.85,196.51
2026-02-10,300118.SZ,东方日升,78,-63,光伏,5,-13,166.19,-90.66
2025-11-18,300486.SZ,东杰智能,118,236,机器人,3,2,83.69,63.37
2025-11-22,300486.SZ,东杰智能,118,236,机器人,3,2,83.69,63.37
2026-02-04,600693.SH,东百集团,119,新进,零售,4,4,18.62,18.62
2026-02-05,600693.SH,东百集团,103,21,零售,4,0,7.73,-10.89
2025-11-17,600673.SH,东阳光,45,17,金属/锂电池/固态电池,8,2,134.58,-88.92
2025-11-18,600673.SH,东阳光,48,10,金属/锂电池/固态电池,8,2,134.58,-88.92
2026-02-11,600673.SH,东阳光,95,28,金属/锂电池/固态电池,4,1,17.28,1.41
2026-02-12,600673.SH,东阳光,66,29,金属/锂电池/固态电池,6,2,223.5,206.22
2026-02-13,600673.SH,东阳光,48,10,金属/锂电池/固态电池,8,2,134.58,-88.92
2025-11-17,601888.SH,中国中免,102,8,免税/海南,4,1,159.95,41.3
2025-11-18,601888.SH,中国中免,92,55,免税/海南,4,1,159.95,41.3
2026-02-05,601888.SH,中国中免,84,146,免税/海南,5,3,162.76,19.12
2026-02-07,601888.SH,中国中免,102,8,免税/海南,4,1,159.95,41.3
2026-02-08,601888.SH,中国中免,92,55,免税/海南,4,1,159.95,41.3
2026-02-09,601888.SH,中国中免,52,75,免税/海南,8,5,179.64,31.88
2026-02-10,601888.SH,中国中免,89,-37,免税/海南,5,-3,171.18,-8.46
2026-02-11,601888.SH,中国中免,79,10,免税/海南,4,-1,172.66,1.48
2026-02-13,601888.SH,中国中免,92,55,免税/海南,4,1,159.95,41.3
2026-02-10,600482.SH,中国动力,105,489,中字头/军工,4,3,29.26,20.57
2026-02-11,600482.SH,中国动力,82,23,中字头/军工,4,0,31.2,1.94
2026-02-05,601117.SH,中国化学,101,37,化工/中字头,4,1,86.31,-0.8
2026-02-04,600118.SH,中国卫星,32,新进,商业航天/军工,12,12,302.27,302.27
2026-02-05,600118.SH,中国卫星,107,-75,商业航天/军工,4,-8,87.61,-214.66
2026-02-06,600118.SH,中国卫星,87,1,商业航天/军工,4,0,90.55,2.94
2026-02-10,600118.SH,中国卫星,115,24,商业航天/军工,4,1,86.94,-113.42
2026-02-11,600176.SH,中国巨石,103,新进,新材料/基础建设/中字头,4,4,42.32,42.32
2026-02-12,600176.SH,中国巨石,100,3,新材料/基础建设/中字头,4,0,58.27,15.95
2026-02-04,601179.SH,中国西电,80,新进,电气设备,5,5,150.57,150.57
2026-02-05,601179.SH,中国西电,66,19,电气设备,5,0,29.15,-121.42
2025-11-17,000066.SZ,中国长城,34,0,国产软件/电气设备/网络安全,10,1,420.84,-24.32
2025-11-18,000066.SZ,中国长城,34,1,国产软件/电气设备/网络安全,10,1,420.84,-24.32
2026-02-04,000066.SZ,中国长城,77,新进,国产软件/电气设备/网络安全,5,5,367.63,367.63
2026-02-05,000066.SZ,中国长城,69,11,国产软件/电气设备/网络安全,5,0,361.93,-5.7
2026-02-06,000066.SZ,中国长城,56,26,国产软件/电气设备/网络安全,6,1,419.74,57.81
2026-02-07,000066.SZ,中国长城,34,0,国产软件/电气设备/网络安全,10,1,420.84,-24.32
2026-02-08,000066.SZ,中国长城,34,1,国产软件/电气设备/网络安全,10,1,420.84,-24.32
2026-02-09,000066.SZ,中国长城,81,-24,国产软件/电气设备/网络安全,6,0,629.99,210.25
2026-02-10,000066.SZ,中国长城,101,-36,国产软件/电气设备/网络安全,4,-2,73.89,-556.1
2026-02-11,000066.SZ,中国长城,83,18,国产软件/电气设备/网络安全,4,0,414.94,341.05
2026-02-12,000066.SZ,中国长城,34,49,国产软件/电气设备/网络安全,9,5,445.16,30.22
2026-02-13,000066.SZ,中国长城,34,1,国产软件/电气设备/网络安全,10,1,420.84,-24.32
2025-11-17,300364.SZ,中文在线,6,-3,AI应用/文化传媒,28,-15,528.79,-152.48
2025-11-18,300364.SZ,中文在线,6,-3,AI应用/文化传媒,28,-15,528.79,-152.48
2026-02-09,300364.SZ,中文在线,49,新进,AI应用/文化传媒,8,8,442.76,442.76
2026-02-10,300364.SZ,中文在线,1,49,AI应用/文化传媒,71,63,1177.0,734.24
2026-02-11,300364.SZ,中文在线,1,0,AI应用/文化传媒,73,2,1390.99,213.99
2026-02-12,300364.SZ,中文在线,3,-2,AI应用/文化传媒,43,-30,681.27,-709.72
2026-02-13,300364.SZ,中文在线,6,-3,AI应用/文化传媒,28,-15,528.79,-152.48
2026-02-04,300393.SZ,中来股份,98,新进,光伏/储能,4,4,432.62,432.62
2026-02-06,300393.SZ,中来股份,119,16,光伏/储能,4,1,10.04,-2.51
2026-02-09,300393.SZ,中来股份,82,15,光伏/储能,6,2,25.99,15.95
2026-02-04,600072.SH,中船科技,83,新进,军工/风电/中字头,5,5,369.25,369.25
2026-02-12,603220.SH,中贝通信,97,515,算力基建/AI应用/商业航天,4,3,27.75,25.95
2026-02-04,002471.SZ,中超控股,57,新进,电气设备/商业航天/机器人,7,7,80.91,80.91
2026-02-05,002471.SZ,中超控股,18,38,电气设备/商业航天/机器人,14,7,72.25,-8.66
2026-02-06,002471.SZ,中超控股,17,4,电气设备/商业航天/机器人,17,3,446.02,373.77
2026-02-09,002471.SZ,中超控股,12,6,电气设备/商业航天/机器人,21,4,86.32,-359.7
2026-02-10,002471.SZ,中超控股,51,-39,电气设备/商业航天/机器人,8,-13,11.43,-74.89
2026-02-11,002471.SZ,中超控股,108,-57,电气设备/商业航天/机器人,3,-5,6.33,-5.1
2026-02-10,000657.SZ,中钨高新,112,107,金属/工业母机,4,2,119.02,19.71
2026-02-04,300308.SZ,中际旭创,112,新进,光模块,4,4,151.2,151.2
2026-02-05,300308.SZ,中际旭创,98,11,光模块,4,0,89.92,-61.28
2026-02-04,000039.SZ,中集集团,75,新进,物流航运/氢能源/中字头,5,5,124.47,124.47
2026-02-05,603334.SH,丰倍生物,118,新进,化工/新材料,3,3,105.74,105.74
2026-02-11,002201.SZ,九鼎新材,62,119,新材料/化工,6,4,62.06,61.28
2026-02-04,300102.SZ,乾照光电,13,新进,商业航天,24,24,281.58,281.58
2026-02-05,300102.SZ,乾照光电,21,-8,商业航天,14,-10,104.78,-176.8
2026-02-06,300102.SZ,乾照光电,34,-14,商业航天,10,-4,39.39,-65.39
2026-02-09,300102.SZ,乾照光电,16,18,商业航天,17,7,123.94,84.55
2026-02-10,300102.SZ,乾照光电,52,-36,商业航天,8,-9,38.2,-85.74
2026-02-11,300102.SZ,乾照光电,94,-42,商业航天,4,-4,15.46,-22.74
2025-11-17,002467.SZ,二六三,35,144,通信/AI应用,9,7,254.9,251.11
2025-11-18,002467.SZ,二六三,35,227,通信/AI应用,9,7,254.9,251.11
2026-02-05,600792.SH,云煤能源,93,275,化工/油气能源,4,3,24.72,24.67
2026-02-11,600602.SH,云赛智联,109,325,算力基建/国产软件/华为,3,2,189.67,180.3
2025-11-17,603667.SH,五洲新春,79,53,机器人/汽车零部件,5,2,146.0,37.14
2025-11-18,603667.SH,五洲新春,84,40,机器人/汽车零部件,5,2,146.0,37.14
2026-02-04,603667.SH,五洲新春,46,新进,机器人/汽车零部件,9,9,132.8,132.8
2026-02-05,603667.SH,五洲新春,60,-14,机器人/汽车零部件,6,-3,112.97,-19.83
2026-02-06,603667.SH,五洲新春,13,43,机器人/汽车零部件,18,12,263.89,150.92
2026-02-07,603667.SH,五洲新春,79,53,机器人/汽车零部件,5,2,146.0,37.14
2026-02-08,603667.SH,五洲新春,84,40,机器人/汽车零部件,5,2,146.0,37.14
2026-02-09,603667.SH,五洲新春,46,-32,机器人/汽车零部件,9,-9,147.93,-115.96
2026-02-10,603667.SH,五洲新春,49,-3,机器人/汽车零部件,8,-1,132.27,-15.66
2026-02-11,603667.SH,五洲新春,87,-38,机器人/汽车零部件,4,-4,112.89,-19.38
2026-02-12,603667.SH,五洲新春,114,-27,机器人/汽车零部件,3,-1,108.86,-4.03
2026-02-13,603667.SH,五洲新春,84,40,机器人/汽车零部件,5,2,146.0,37.14
2026-02-10,301085.SZ,亚康股份,22,120,算力基建/华为/AI 应用,14,11,340.06,201.93
2026-02-11,301085.SZ,亚康股份,30,-8,算力基建/华为/AI 应用,10,-4,319.8,-20.26
2026-02-12,301085.SZ,亚康股份,23,7,算力基建/华为/AI 应用,13,3,386.84,67.04
2026-02-04,600683.SH,京投发展,42,新进,房地产/基础建设,10,10,296.16,296.16
2026-02-05,600683.SH,京投发展,25,17,房地产/基础建设,12,2,288.54,-7.62
2026-02-06,600683.SH,京投发展,117,-90,房地产/基础建设,4,-8,13.49,-275.05
2026-02-09,600683.SH,京投发展,96,-2,房地产/基础建设,5,1,67.67,54.18
2025-11-17,603000.SH,人民网,22,新进,AI应用/文化传媒,13,13,321.5,321.5
2025-11-18,603000.SH,人民网,22,新进,AI应用/文化传媒,13,13,321.5,321.5
2026-02-11,603000.SH,人民网,24,413,AI应用/文化传媒,12,11,90.82,75.32
2026-02-13,603000.SH,人民网,22,新进,AI应用/文化传媒,13,13,321.5,321.5
2026-02-06,002644.SZ,佛慈制药,112,新进,,4,4,66.95,66.95
2025-11-17,300249.SZ,依米康,57,-30,,7,-4,55.82,-923.84
2025-11-18,300249.SZ,依米康,58,-30,,7,-4,55.82,-923.84
2026-02-12,300249.SZ,依米康,27,321,,11,10,979.66,847.03
2026-02-13,300249.SZ,依米康,58,-30,,7,-4,55.82,-923.84
2025-11-17,300136.SZ,信维通信,5,1,商业航天/消费电子,28,2,999.36,137.37
2025-11-18,300136.SZ,信维通信,5,1,商业航天/消费电子,28,2,999.36,137.37
2026-02-04,300136.SZ,信维通信,3,新进,商业航天/消费电子,59,59,1599.0,1599.0
2026-02-05,300136.SZ,信维通信,4,-1,商业航天/消费电子,43,-16,743.99,-855.01
2026-02-06,300136.SZ,信维通信,5,-1,商业航天/消费电子,48,5,1438.85,694.86
2026-02-07,300136.SZ,信维通信,5,1,商业航天/消费电子,28,2,999.36,137.37
2026-02-08,300136.SZ,信维通信,5,1,商业航天/消费电子,28,2,999.36,137.37
2026-02-09,300136.SZ,信维通信,2,3,商业航天/消费电子,49,1,1298.77,-140.08
2026-02-10,300136.SZ,信维通信,5,-3,商业航天/消费电子,37,-12,1017.31,-281.46
2026-02-11,300136.SZ,信维通信,6,-1,商业航天/消费电子,36,-1,810.44,-206.87
2026-02-12,300136.SZ,信维通信,6,0,商业航天/消费电子,26,-10,861.99,51.55
2026-02-13,300136.SZ,信维通信,5,1,商业航天/消费电子,28,2,999.36,137.37
2026-02-04,300785.SZ,值得买,91,新进,AI应用,4,4,34.51,34.51
2026-02-05,300785.SZ,值得买,85,12,AI应用,5,1,56.92,22.41
2025-11-17,603986.SH,兆易创新,64,14,存储芯片,6,1,290.18,59.73
2025-11-18,603986.SH,兆易创新,72,2,存储芯片,6,1,290.18,59.73
2026-02-12,603986.SH,兆易创新,73,510,存储芯片,5,4,230.45,227.6
2026-02-13,603986.SH,兆易创新,72,2,存储芯片,6,1,290.18,59.73
2026-02-11,002429.SZ,兆驰股份,42,新进,光模块/芯片,8,8,71.95,71.95
2026-02-12,002429.SZ,兆驰股份,68,-26,光模块/芯片,5,-3,45.78,-26.17
2025-11-17,300620.SZ,光库科技,51,-13,光模块,7,-2,148.77,112.67
2025-11-18,300620.SZ,光库科技,55,-19,光模块,7,-2,148.77,112.67
2026-02-05,300620.SZ,光库科技,100,96,光模块,4,2,14.47,-5.05
2026-02-07,300620.SZ,光库科技,51,-13,光模块,7,-2,148.77,112.67
2026-02-08,300620.SZ,光库科技,55,-19,光模块,7,-2,148.77,112.67
2026-02-09,300620.SZ,光库科技,34,99,光模块,11,8,44.32,31.76
2026-02-10,300620.SZ,光库科技,44,-10,光模块,9,-2,47.06,2.74
2026-02-11,300620.SZ,光库科技,63,-19,光模块,6,-3,37.16,-9.9
2026-02-12,300620.SZ,光库科技,35,28,光模块,9,3,36.1,-1.06
2026-02-13,300620.SZ,光库科技,55,-19,光模块,7,-2,148.77,112.67
2025-11-17,300383.SZ,光环新网,14,3,AI应用/算力基建,16,-1,166.13,-209.62
2025-11-18,300383.SZ,光环新网,14,2,AI应用/算力基建,16,-1,166.13,-209.62
2026-02-09,300383.SZ,光环新网,98,563,AI应用/算力基建,5,4,60.61,58.66
2026-02-10,300383.SZ,光环新网,10,76,AI应用/算力基建,25,20,343.02,282.41
2026-02-11,300383.SZ,光环新网,20,-10,AI应用/算力基建,13,-12,207.27,-135.75
2026-02-12,300383.SZ,光环新网,18,2,AI应用/算力基建,17,4,375.75,168.48
2026-02-13,300383.SZ,光环新网,14,2,AI应用/算力基建,16,-1,166.13,-209.62
2025-11-17,300251.SZ,光线传媒,13,29,文化传媒/AI 应用,17,9,220.74,95.95
2025-11-18,300251.SZ,光线传媒,13,31,文化传媒/AI 应用,17,9,220.74,95.95
2026-02-05,300251.SZ,光线传媒,65,526,文化传媒/AI 应用,5,4,49.39,48.43
2026-02-06,300251.SZ,光线传媒,102,-30,文化传媒/AI 应用,4,-1,69.97,20.58
2026-02-07,300251.SZ,光线传媒,13,29,文化传媒/AI 应用,17,9,220.74,95.95
2026-02-08,300251.SZ,光线传媒,13,31,文化传媒/AI 应用,17,9,220.74,95.95
2026-02-09,300251.SZ,光线传媒,69,45,文化传媒/AI 应用,6,2,19.81,-50.16
2026-02-10,300251.SZ,光线传媒,19,56,文化传媒/AI 应用,16,10,449.12,429.31
2026-02-11,300251.SZ,光线传媒,13,6,文化传媒/AI 应用,16,0,204.41,-244.71
2026-02-12,300251.SZ,光线传媒,41,-28,文化传媒/AI 应用,8,-8,124.79,-79.62
2026-02-13,300251.SZ,光线传媒,13,31,文化传媒/AI 应用,17,9,220.74,95.95
2025-11-17,603960.SH,克来机电,56,新进,机器人/汽车零部件/工业母机,7,7,277.87,277.87
2025-11-18,603960.SH,克来机电,50,新进,机器人/汽车零部件/工业母机,7,7,277.87,277.87
2026-02-04,603601.SH,再升科技,65,新进,商业航天/半导体设备/新材料,6,6,32.37,32.37
2026-02-06,603601.SH,再升科技,111,292,商业航天/半导体设备/新材料,4,3,24.38,23.91
2026-02-11,603601.SH,再升科技,61,新进,商业航天/半导体设备/新材料,6,6,257.25,257.25
2026-02-04,600313.SH,农发种业,79,新进,农林牧渔,5,5,26.73,26.73
2026-02-04,301182.SZ,凯旺科技,117,新进,消费电子/机器人/军工,4,4,23.97,23.97
2025-11-17,300912.SZ,凯龙高科,86,-18,汽车零部件/机器人/基础建设,4,-1,19.25,-13.9
2025-11-18,300912.SZ,凯龙高科,88,-6,汽车零部件/机器人/基础建设,4,-1,19.25,-13.9
2026-02-10,300912.SZ,凯龙高科,15,新进,汽车零部件/机器人/基础建设,18,18,205.09,205.09
2026-02-11,300912.SZ,凯龙高科,65,-50,汽车零部件/机器人/基础建设,6,-12,20.29,-184.8
2026-02-12,300912.SZ,凯龙高科,74,-9,汽车零部件/机器人/基础建设,5,-1,33.15,12.86
2026-02-13,300912.SZ,凯龙高科,88,-6,汽车零部件/机器人/基础建设,4,-1,19.25,-13.9
2025-11-17,002131.SZ,利欧股份,19,-6,AI应用/液冷,13,-7,74.35,-310.93
2025-11-18,002131.SZ,利欧股份,19,-6,AI应用/液冷,13,-7,74.35,-310.93
2026-02-04,002131.SZ,利欧股份,15,新进,AI应用/液冷,21,21,264.91,264.91
2026-02-05,002131.SZ,利欧股份,22,-6,AI应用/液冷,13,-8,128.51,-136.4
2026-02-06,002131.SZ,利欧股份,50,-28,AI应用/液冷,7,-6,65.4,-63.11
2026-02-07,002131.SZ,利欧股份,19,-6,AI应用/液冷,13,-7,74.35,-310.93
2026-02-08,002131.SZ,利欧股份,19,-6,AI应用/液冷,13,-7,74.35,-310.93
2026-02-09,002131.SZ,利欧股份,22,32,AI应用/液冷,13,6,97.31,31.91
2026-02-10,002131.SZ,利欧股份,53,-31,AI应用/液冷,7,-6,117.22,19.91
2026-02-11,002131.SZ,利欧股份,60,-7,AI应用/液冷,6,-1,26.06,-91.16
2026-02-12,002131.SZ,利欧股份,13,47,AI应用/液冷,20,14,385.28,359.22
2026-02-13,002131.SZ,利欧股份,19,-6,AI应用/液冷,13,-7,74.35,-310.93
2025-11-17,603629.SH,利通电子,28,-12,算力基建/液冷/消费电子,12,-5,418.36,255.26
2025-11-18,603629.SH,利通电子,28,-10,算力基建/液冷/消费电子,12,-5,418.36,255.26
2026-02-04,603629.SH,利通电子,44,新进,算力基建/液冷/消费电子,10,10,222.8,222.8
2026-02-05,603629.SH,利通电子,63,-20,算力基建/液冷/消费电子,6,-4,173.93,-48.87
2026-02-06,603629.SH,利通电子,60,-3,算力基建/液冷/消费电子,6,0,46.0,-127.93
2026-02-07,603629.SH,利通电子,28,-12,算力基建/液冷/消费电子,12,-5,418.36,255.26
2026-02-08,603629.SH,利通电子,28,-10,算力基建/液冷/消费电子,12,-5,418.36,255.26
2026-02-09,603629.SH,利通电子,33,31,算力基建/液冷/消费电子,11,5,118.93,72.93
2026-02-10,603629.SH,利通电子,35,-2,算力基建/液冷/消费电子,10,-1,407.12,288.19
2026-02-11,603629.SH,利通电子,28,7,算力基建/液冷/消费电子,11,1,123.97,-283.15
2026-02-12,603629.SH,利通电子,16,12,算力基建/液冷/消费电子,17,6,163.1,39.13
2026-02-13,603629.SH,利通电子,28,-10,算力基建/液冷/消费电子,12,-5,418.36,255.26
2025-11-17,300223.SZ,北京君正,90,-3,存储芯片,4,0,129.14,14.35
2025-11-18,300223.SZ,北京君正,101,7,存储芯片,4,0,129.14,14.35
2026-02-04,300223.SZ,北京君正,110,新进,存储芯片,4,4,576.17,576.17
2026-02-05,300223.SZ,北京君正,83,33,存储芯片,5,1,592.88,16.71
2026-02-07,300223.SZ,北京君正,90,-3,存储芯片,4,0,129.14,14.35
2026-02-08,300223.SZ,北京君正,101,7,存储芯片,4,0,129.14,14.35
2026-02-12,300223.SZ,北京君正,105,86,存储芯片,4,2,114.79,0.12
2026-02-13,300223.SZ,北京君正,101,7,存储芯片,4,0,129.14,14.35
2026-02-11,600111.SH,北方稀土,88,403,稀土永磁,4,3,69.27,39.78
2026-02-12,600111.SH,北方稀土,108,-20,稀土永磁,4,0,68.89,-0.38
2026-02-04,000737.SZ,北方铜业,104,新进,金属,4,4,18.67,18.67
2026-02-11,301235.SZ,华康洁净,118,269,半导体设备/医药,3,2,89.19,64.67
2025-11-17,000156.SZ,华数传媒,120,202,文化传媒/算力基建/AI 应用,3,2,14.43,-12.24
2025-11-19,000156.SZ,华数传媒,120,202,文化传媒/算力基建/AI 应用,3,2,14.43,-12.24
2026-02-05,002945.SZ,华林证券,74,59,银证保,5,2,14.1,-53.23
2026-02-06,002945.SZ,华林证券,70,14,银证保,5,0,77.0,62.9
2026-02-05,300133.SZ,华策影视,117,69,文化传媒/AI应用,3,1,66.95,1.37
2026-02-10,300133.SZ,华策影视,36,134,文化传媒/AI应用,10,7,89.73,35.07
2025-11-17,600410.SH,华胜天成,9,54,华为/算力基建,23,17,1357.73,922.64
2025-11-18,600410.SH,华胜天成,9,50,华为/算力基建,23,17,1357.73,922.64
2026-02-04,600410.SH,华胜天成,84,新进,华为/算力基建,5,5,521.39,521.39
2026-02-06,600410.SH,华胜天成,97,67,华为/算力基建,4,1,619.15,230.16
2026-02-07,600410.SH,华胜天成,9,54,华为/算力基建,23,17,1357.73,922.64
2026-02-08,600410.SH,华胜天成,9,50,华为/算力基建,23,17,1357.73,922.64
2026-02-09,600410.SH,华胜天成,58,53,华为/算力基建,7,3,511.49,-107.66
2026-02-10,600410.SH,华胜天成,106,-43,华为/算力基建,4,-3,816.62,305.13
2026-02-11,600410.SH,华胜天成,84,22,华为/算力基建,4,0,746.43,-70.19
2026-02-12,600410.SH,华胜天成,57,27,华为/算力基建,6,2,435.09,-311.34
2026-02-13,600410.SH,华胜天成,9,50,华为/算力基建,23,17,1357.73,922.64
2026-02-09,002015.SZ,协鑫能科,85,新进,,5,5,112.53,112.53
2025-11-17,002506.SZ,协鑫集成,18,-13,光伏/储能,14,-17,29.9,-467.2
2025-11-18,002506.SZ,协鑫集成,18,-13,光伏/储能,14,-17,29.9,-467.2
2026-02-04,002506.SZ,协鑫集成,18,新进,光伏/储能,19,19,593.45,593.45
2026-02-05,002506.SZ,协鑫集成,5,13,光伏/储能,38,19,207.54,-385.91
2026-02-06,002506.SZ,协鑫集成,7,-2,光伏/储能,32,-6,248.46,40.92
2026-02-07,002506.SZ,协鑫集成,18,-13,光伏/储能,14,-17,29.9,-467.2
2026-02-08,002506.SZ,协鑫集成,18,-13,光伏/储能,14,-17,29.9,-467.2
2026-02-09,002506.SZ,协鑫集成,5,2,光伏/储能,44,12,360.8,112.34
2026-02-10,002506.SZ,协鑫集成,3,1,光伏/储能,47,3,463.32,102.52
2026-02-11,002506.SZ,协鑫集成,5,-2,光伏/储能,47,0,1704.65,1241.33
2026-02-12,002506.SZ,协鑫集成,5,0,光伏/储能,31,-16,497.1,-1207.55
2026-02-13,002506.SZ,协鑫集成,18,-13,光伏/储能,14,-17,29.9,-467.2
2026-02-12,002757.SZ,南兴股份,104,398,AI应用/算力基建,4,3,77.79,59.89
2026-02-10,300921.SZ,南凌科技,80,234,通信/算力基建,5,4,63.24,41.23
2026-02-11,300921.SZ,南凌科技,73,7,通信/算力基建,5,0,68.59,5.35
2026-02-12,300921.SZ,南凌科技,78,-5,通信/算力基建,5,0,133.67,65.08
2026-02-04,003035.SZ,南网能源,109,新进,电力/储能/光伏,4,4,9.8,9.8
2026-02-06,003035.SZ,南网能源,86,103,电力/储能/光伏,4,2,9.67,2.84
2026-02-11,301468.SZ,博盈特焊,115,44,核聚变,3,0,272.74,29.6
2025-11-17,001330.SZ,博纳影业,7,-3,文化传媒,26,-13,807.31,179.15
2025-11-18,001330.SZ,博纳影业,7,-3,文化传媒,26,-13,807.31,179.15
2026-02-04,001330.SZ,博纳影业,92,新进,文化传媒,4,4,43.18,43.18
2026-02-06,001330.SZ,博纳影业,89,161,文化传媒,4,2,54.74,48.39
2026-02-07,001330.SZ,博纳影业,7,-3,文化传媒,26,-13,807.31,179.15
2026-02-08,001330.SZ,博纳影业,7,-3,文化传媒,26,-13,807.31,179.15
2026-02-09,001330.SZ,博纳影业,32,73,文化传媒,12,8,216.58,161.84
2026-02-10,001330.SZ,博纳影业,17,11,文化传媒,16,4,418.09,201.51
2026-02-11,001330.SZ,博纳影业,4,13,文化传媒,50,34,1009.95,591.86
2026-02-12,001330.SZ,博纳影业,4,0,文化传媒,39,-11,628.16,-381.79
2026-02-13,001330.SZ,博纳影业,7,-3,文化传媒,26,-13,807.31,179.15
2026-02-04,300471.SZ,厚普股份,74,新进,氢能源/基础建设,5,5,66.08,66.08
2026-02-05,600778.SH,友好集团,44,484,零售,7,6,83.98,-24.83
2026-02-04,300444.SZ,双杰电气,59,新进,电气设备,6,6,175.63,175.63
2026-02-06,300444.SZ,双杰电气,58,149,电气设备,6,4,19.87,12.46
2026-02-04,600481.SH,双良节能,39,新进,光伏/算力基建,11,11,57.11,57.11
2026-02-05,600481.SH,双良节能,27,11,光伏/算力基建,12,1,37.6,-19.51
2026-02-06,600481.SH,双良节能,74,-48,光伏/算力基建,5,-7,18.38,-19.22
2025-11-17,002208.SZ,合肥城建,93,10,房地产/金融概念,4,0,5.76,-7.32
2025-11-18,002208.SZ,合肥城建,95,3,房地产/金融概念,4,0,5.76,-7.32
2026-02-05,002208.SZ,合肥城建,111,60,房地产/金融概念,4,1,31.11,1.48
2026-02-07,002208.SZ,合肥城建,93,10,房地产/金融概念,4,0,5.76,-7.32
2026-02-08,002208.SZ,合肥城建,95,3,房地产/金融概念,4,0,5.76,-7.32
2026-02-12,002208.SZ,合肥城建,94,111,房地产/金融概念,4,2,13.08,-1.5
2026-02-13,002208.SZ,合肥城建,95,3,房地产/金融概念,4,0,5.76,-7.32
2025-11-17,603980.SH,吉华集团,106,18,化工,3,0,30.34,16.17
2025-11-18,603980.SH,吉华集团,119,-6,化工,3,0,30.34,16.17
2026-02-11,603980.SH,吉华集团,44,207,化工,7,5,46.91,23.84
2026-02-13,603980.SH,吉华集团,119,-6,化工,3,0,30.34,16.17
2026-02-05,002830.SZ,名雕股份,42,112,房地产,8,5,27.85,-12.7
2026-02-06,002830.SZ,名雕股份,64,-25,房地产,6,-2,8.59,-19.26
2026-02-05,301172.SZ,君逸数码,112,新进,基础建设/AI应用,4,4,12.63,12.63
2025-11-17,002969.SZ,嘉美包装,100,-49,海峡两岸/包装,4,-3,22.53,-22.88
2025-11-18,002969.SZ,嘉美包装,90,-43,海峡两岸/包装,4,-3,22.53,-22.88
2026-02-04,002969.SZ,嘉美包装,94,新进,海峡两岸/包装,4,4,94.49,94.49
2026-02-05,002969.SZ,嘉美包装,82,12,海峡两岸/包装,5,1,103.18,8.69
2026-02-06,002969.SZ,嘉美包装,37,31,海峡两岸/包装,9,4,68.35,-34.83
2026-02-07,002969.SZ,嘉美包装,100,-49,海峡两岸/包装,4,-3,22.53,-22.88
2026-02-08,002969.SZ,嘉美包装,90,-43,海峡两岸/包装,4,-3,22.53,-22.88
2026-02-09,002969.SZ,嘉美包装,40,-3,海峡两岸/包装,9,0,128.85,60.5
2026-02-10,002969.SZ,嘉美包装,72,-25,海峡两岸/包装,6,-3,37.41,-91.44
2026-02-11,002969.SZ,嘉美包装,47,25,海峡两岸/包装,7,1,145.86,108.45
2026-02-12,002969.SZ,嘉美包装,46,1,海峡两岸/包装,7,0,45.41,-100.45
2026-02-13,002969.SZ,嘉美包装,90,-43,海峡两岸/包装,4,-3,22.53,-22.88
2026-02-04,300781.SZ,因赛集团,114,新进,AI应用,4,4,18.56,18.56
2025-11-17,300188.SZ,国投智能,44,新进,网络安全/AI 应用/国产软件,8,8,364.05,364.05
2025-11-18,300188.SZ,国投智能,47,新进,网络安全/AI 应用/国产软件,8,8,364.05,364.05
2025-11-17,603778.SH,国晟科技,83,-29,固态电池/光伏,5,-2,332.0,299.72
2025-11-18,603778.SH,国晟科技,78,-28,固态电池/光伏,5,-2,332.0,299.72
2026-02-04,603778.SH,国晟科技,37,新进,固态电池/光伏,11,11,626.63,626.63
2026-02-05,603778.SH,国晟科技,28,13,固态电池/光伏,11,0,547.01,-79.62
2026-02-06,603778.SH,国晟科技,39,-11,固态电池/光伏,8,-3,485.3,-61.71
2026-02-07,603778.SH,国晟科技,83,-29,固态电池/光伏,5,-2,332.0,299.72
2026-02-08,603778.SH,国晟科技,78,-28,固态电池/光伏,5,-2,332.0,299.72
2026-02-09,603778.SH,国晟科技,29,11,固态电池/光伏,12,4,730.05,244.75
2026-02-10,603778.SH,国晟科技,63,-36,固态电池/光伏,7,-5,576.29,-153.76
2026-02-11,603778.SH,国晟科技,40,23,固态电池/光伏,9,2,505.03,-71.26
2026-02-12,603778.SH,国晟科技,51,-11,固态电池/光伏,7,-2,32.28,-472.75
2026-02-13,603778.SH,国晟科技,78,-28,固态电池/光伏,5,-2,332.0,299.72
2025-11-17,301526.SZ,国际复材,97,-47,PCB,4,-3,75.83,-0.79
2025-11-18,301526.SZ,国际复材,86,-30,PCB,4,-3,75.83,-0.79
2026-02-04,301526.SZ,国际复材,72,新进,PCB,5,5,359.18,359.18
2026-02-07,301526.SZ,国际复材,97,-47,PCB,4,-3,75.83,-0.79
2026-02-08,301526.SZ,国际复材,86,-30,PCB,4,-3,75.83,-0.79
2026-02-11,301526.SZ,国际复材,98,新进,PCB,4,4,16.52,16.52
2026-02-12,301526.SZ,国际复材,53,45,PCB,7,3,76.62,60.1
2026-02-13,301526.SZ,国际复材,86,-30,PCB,4,-3,75.83,-0.79
2025-11-17,000859.SZ,国风新材,40,151,光刻胶/化工,9,7,367.13,365.71
2025-11-18,000859.SZ,国风新材,39,126,光刻胶/化工,9,7,367.13,365.71
2026-02-10,000859.SZ,国风新材,91,254,光刻胶/化工,5,4,21.93,21.72
2026-02-13,000859.SZ,国风新材,39,126,光刻胶/化工,9,7,367.13,365.71
2025-11-17,600589.SH,大位科技,1,31,算力基建,76,66,1065.99,368.54
2025-11-18,600589.SH,大位科技,1,31,算力基建,76,66,1065.99,368.54
2026-02-04,600589.SH,大位科技,81,新进,算力基建,5,5,42.59,42.59
2026-02-07,600589.SH,大位科技,1,31,算力基建,76,66,1065.99,368.54
2026-02-08,600589.SH,大位科技,1,31,算力基建,76,66,1065.99,368.54
2026-02-09,600589.SH,大位科技,78,431,算力基建,6,5,169.99,143.12
2026-02-10,600589.SH,大位科技,75,6,算力基建,6,0,215.04,45.05
2026-02-11,600589.SH,大位科技,37,38,算力基建,9,3,515.72,300.68
2026-02-12,600589.SH,大位科技,32,5,算力基建,10,1,697.45,181.73
2026-02-13,600589.SH,大位科技,1,31,算力基建,76,66,1065.99,368.54
2026-02-04,002995.SZ,天地在线,40,新进,AI应用/文化传媒,11,11,263.34,263.34
2026-02-05,002995.SZ,天地在线,32,7,AI应用/文化传媒,10,-1,257.44,-5.9
2026-02-06,002995.SZ,天地在线,18,15,AI应用/文化传媒,17,7,232.51,-24.93
2026-02-09,002995.SZ,天地在线,23,-7,AI应用/文化传媒,13,-4,256.7,24.19
2026-02-10,002995.SZ,天地在线,92,-68,AI应用/文化传媒,5,-8,137.7,-119.0
2025-11-17,002009.SZ,天奇股份,29,42,机器人/锂电池,11,6,111.04,71.19
2025-11-18,002009.SZ,天奇股份,30,38,机器人/锂电池,11,6,111.04,71.19
2026-02-04,002009.SZ,天奇股份,30,新进,机器人/锂电池,13,13,95.73,95.73
2026-02-05,002009.SZ,天奇股份,109,-78,机器人/锂电池,4,-9,24.19,-71.54
2026-02-06,002009.SZ,天奇股份,46,48,机器人/锂电池,7,3,564.23,540.04
2026-02-07,002009.SZ,天奇股份,29,42,机器人/锂电池,11,6,111.04,71.19
2026-02-08,002009.SZ,天奇股份,30,38,机器人/锂电池,11,6,111.04,71.19
2026-02-09,002009.SZ,天奇股份,97,-47,机器人/锂电池,5,-2,51.54,-512.69
2026-02-10,002009.SZ,天奇股份,31,65,机器人/锂电池,12,7,91.98,40.44
2026-02-11,002009.SZ,天奇股份,81,-50,机器人/锂电池,4,-8,17.05,-74.93
2026-02-12,002009.SZ,天奇股份,83,-2,机器人/锂电池,5,1,39.85,22.8
2026-02-13,002009.SZ,天奇股份,30,38,机器人/锂电池,11,6,111.04,71.19
2026-02-05,002238.SZ,天威视讯,115,新进,文化传媒/算力基建,3,3,122.3,122.3
2025-11-17,300394.SZ,天孚通信,36,0,光模块/通信,9,0,370.79,44.09
2025-11-18,300394.SZ,天孚通信,36,2,光模块/通信,9,0,370.79,44.09
2026-02-05,300394.SZ,天孚通信,86,63,光模块/通信,5,2,244.34,103.0
2026-02-06,300394.SZ,天孚通信,76,-5,光模块/通信,5,0,356.7,112.36
2026-02-07,300394.SZ,天孚通信,36,0,光模块/通信,9,0,370.79,44.09
2026-02-08,300394.SZ,天孚通信,36,2,光模块/通信,9,0,370.79,44.09
2026-02-09,300394.SZ,天孚通信,53,19,光模块/通信,8,3,175.77,-180.93
2026-02-10,300394.SZ,天孚通信,38,18,光模块/通信,10,2,207.28,31.51
2026-02-11,300394.SZ,天孚通信,35,3,光模块/通信,9,-1,207.74,0.46
2026-02-12,300394.SZ,天孚通信,37,-2,光模块/通信,9,0,326.7,118.96
2026-02-13,300394.SZ,天孚通信,36,2,光模块/通信,9,0,370.79,44.09
2025-11-17,002510.SZ,天汽模,119,新进,汽车零部件/商业航天,3,3,22.53,22.53
2025-11-19,002510.SZ,天汽模,119,新进,汽车零部件/商业航天,3,3,22.53,22.53
2026-02-04,600330.SH,天通股份,16,新进,商业航天/光伏,21,21,261.57,261.57
2026-02-05,600330.SH,天通股份,73,-56,商业航天/光伏,5,-16,14.56,-247.01
2026-02-06,600330.SH,天通股份,53,26,商业航天/光伏,7,2,37.82,23.26
2026-02-09,600330.SH,天通股份,79,-26,商业航天/光伏,6,-1,168.12,130.3
2026-02-10,600330.SH,天通股份,86,-4,商业航天/光伏,5,-1,27.84,-140.28
2025-11-17,300342.SZ,天银机电,53,-10,商业航天/军工,7,-1,93.48,-4.56
2025-11-18,300342.SZ,天银机电,56,-17,商业航天/军工,7,-1,93.48,-4.56
2026-02-04,300342.SZ,天银机电,23,新进,商业航天/军工,16,16,143.66,143.66
2026-02-05,300342.SZ,天银机电,15,8,商业航天/军工,16,0,147.75,4.09
2026-02-06,300342.SZ,天银机电,20,-5,商业航天/军工,15,-1,127.27,-20.48
2026-02-07,300342.SZ,天银机电,53,-10,商业航天/军工,7,-1,93.48,-4.56
2026-02-08,300342.SZ,天银机电,56,-17,商业航天/军工,7,-1,93.48,-4.56
2026-02-09,300342.SZ,天银机电,19,1,商业航天/军工,14,-1,178.02,50.75
2026-02-10,300342.SZ,天银机电,34,-14,商业航天/军工,11,-3,138.5,-39.52
2026-02-11,300342.SZ,天银机电,36,-2,商业航天/军工,9,-2,121.28,-17.22
2026-02-12,300342.SZ,天银机电,45,-9,商业航天/军工,8,-1,98.04,-23.24
2026-02-13,300342.SZ,天银机电,56,-17,商业航天/军工,7,-1,93.48,-4.56
2026-02-11,002759.SZ,天际股份,53,593,锂电池/固态电池,6,5,7.92,6.28
2026-02-12,002759.SZ,天际股份,85,-32,锂电池/固态电池,4,-2,4.36,-3.56
2026-02-04,300063.SZ,天龙集团,51,新进,AI应用/文化传媒,8,8,80.01,80.01
2026-02-05,300063.SZ,天龙集团,71,-19,AI应用/文化传媒,5,-3,47.03,-32.98
2026-02-06,300063.SZ,天龙集团,66,14,AI应用/文化传媒,6,1,74.52,27.49
2026-02-09,300063.SZ,天龙集团,36,31,AI应用/文化传媒,11,5,105.61,31.09
2026-02-10,300063.SZ,天龙集团,66,-29,AI应用/文化传媒,6,-5,70.25,-35.36
2026-02-04,600667.SH,太极实业,95,新进,芯片/存储芯片,4,4,29.25,29.25
2026-02-10,300570.SZ,太辰光,83,104,光模块/通信,5,3,38.49,20.59
2026-02-11,300738.SZ,奥飞数据,107,344,算力基建/光模块,4,3,24.27,23.05
2026-02-12,300738.SZ,奥飞数据,75,32,算力基建/光模块,5,1,54.52,30.25
2026-02-04,300750.SZ,宁德时代,86,新进,锂电池/储能,5,5,164.26,164.26
2026-02-06,300750.SZ,宁德时代,79,184,锂电池/储能,5,3,284.21,258.8
2025-11-17,002235.SZ,安妮股份,62,198,海峡两岸/文化传媒,6,4,14.32,5.07
2025-11-18,002235.SZ,安妮股份,70,165,海峡两岸/文化传媒,6,4,14.32,5.07
2026-02-09,300067.SZ,安诺其,100,新进,化工/算力基建,4,4,133.13,133.13
2025-11-17,002624.SZ,完美世界,71,-16,文化传媒/AI 应用,6,-1,30.41,-22.83
2025-11-18,002624.SZ,完美世界,73,-22,文化传媒/AI 应用,6,-1,30.41,-22.83
2026-02-09,002624.SZ,完美世界,64,588,文化传媒/AI 应用,7,6,1005.45,199.17
2026-02-10,002624.SZ,完美世界,4,60,文化传媒/AI 应用,38,31,297.97,-707.48
2026-02-11,002624.SZ,完美世界,18,-14,文化传媒/AI 应用,13,-25,70.05,-227.92
2026-02-12,002624.SZ,完美世界,52,-34,文化传媒/AI 应用,7,-6,53.24,-16.81
2026-02-13,002624.SZ,完美世界,73,-22,文化传媒/AI 应用,6,-1,30.41,-22.83
2025-11-17,603256.SH,宏和科技,114,-83,新材料/算力基建,3,-7,20.05,-147.76
2025-11-19,603256.SH,宏和科技,114,-83,新材料/算力基建,3,-7,20.05,-147.76
2026-02-05,603256.SH,宏和科技,91,43,新材料/算力基建,4,1,108.49,80.2
2026-02-07,603256.SH,宏和科技,114,-83,新材料/算力基建,3,-7,20.05,-147.76
2026-02-10,603256.SH,宏和科技,65,新进,新材料/算力基建,6,6,58.74,58.74
2026-02-11,603256.SH,宏和科技,49,16,新材料/算力基建,7,1,89.93,31.19
2026-02-12,603256.SH,宏和科技,31,18,新材料/算力基建,10,3,167.81,77.88
2025-11-17,301396.SZ,宏景科技,66,0,算力基建,6,0,266.99,87.77
2025-11-18,301396.SZ,宏景科技,61,1,算力基建,6,0,266.99,87.77
2026-02-06,301396.SZ,宏景科技,107,104,算力基建,4,2,90.07,69.98
2026-02-07,301396.SZ,宏景科技,66,0,算力基建,6,0,266.99,87.77
2026-02-08,301396.SZ,宏景科技,61,1,算力基建,6,0,266.99,87.77
2026-02-12,301396.SZ,宏景科技,58,169,算力基建,6,4,179.22,131.99
2026-02-13,301396.SZ,宏景科技,61,1,算力基建,6,0,266.99,87.77
2026-02-05,300612.SZ,宣亚国际,55,358,AI应用,6,5,136.5,116.62
2026-02-11,002723.SZ,小崧股份,72,新进,,5,5,17.09,17.09
2026-02-12,002723.SZ,小崧股份,64,8,,6,1,14.95,-2.14
2026-02-12,605006.SH,山东玻纤,80,新进,,5,5,15.2,15.2
2026-02-04,000981.SZ,山子高科,50,新进,智能驾驶/汽车零部件,8,8,53.57,53.57
2025-11-17,002195.SZ,岩山科技,81,31,AI应用/智能驾驶/脑机接口,5,2,7.55,3.89
2025-11-18,002195.SZ,岩山科技,75,75,AI应用/智能驾驶/脑机接口,5,2,7.55,3.89
2026-02-04,002195.SZ,岩山科技,58,新进,AI应用/智能驾驶/脑机接口,6,6,165.99,165.99
2026-02-05,002195.SZ,岩山科技,53,13,AI应用/智能驾驶/脑机接口,6,0,168.92,2.93
2026-02-07,002195.SZ,岩山科技,81,31,AI应用/智能驾驶/脑机接口,5,2,7.55,3.89
2026-02-08,002195.SZ,岩山科技,75,75,AI应用/智能驾驶/脑机接口,5,2,7.55,3.89
2026-02-10,002195.SZ,岩山科技,117,-18,AI应用/智能驾驶/脑机接口,4,0,4.41,0.66
2026-02-11,002195.SZ,岩山科技,85,32,AI应用/智能驾驶/脑机接口,4,0,3.99,-0.42
2026-02-12,002195.SZ,岩山科技,118,-33,AI应用/智能驾驶/脑机接口,3,-1,3.66,-0.33
2026-02-13,002195.SZ,岩山科技,75,75,AI应用/智能驾驶/脑机接口,5,2,7.55,3.89
2026-02-10,300987.SZ,川网传媒,109,418,AI应用/文化传媒,4,3,61.08,59.77
2025-11-17,002342.SZ,巨力索具,15,-1,军工/商业航天,16,-3,46.3,-28.79
2025-11-18,002342.SZ,巨力索具,15,-1,军工/商业航天,16,-3,46.3,-28.79
2026-02-04,002342.SZ,巨力索具,7,新进,军工/商业航天,31,31,472.3,472.3
2026-02-05,002342.SZ,巨力索具,6,1,军工/商业航天,35,4,874.35,402.05
2026-02-06,002342.SZ,巨力索具,1,5,军工/商业航天,67,32,1748.36,874.01
2026-02-07,002342.SZ,巨力索具,15,-1,军工/商业航天,16,-3,46.3,-28.79
2026-02-08,002342.SZ,巨力索具,15,-1,军工/商业航天,16,-3,46.3,-28.79
2026-02-09,002342.SZ,巨力索具,4,-3,军工/商业航天,44,-23,515.1,-1233.26
2026-02-10,002342.SZ,巨力索具,6,-1,军工/商业航天,34,-10,402.16,-112.94
2026-02-11,002342.SZ,巨力索具,9,-3,军工/商业航天,30,-4,161.64,-240.52
2026-02-12,002342.SZ,巨力索具,14,-5,军工/商业航天,19,-11,75.09,-86.55
2026-02-13,002342.SZ,巨力索具,15,-1,军工/商业航天,16,-3,46.3,-28.79
2025-11-17,000592.SZ,平潭发展,43,85,海峡两岸/农林牧渔,8,5,87.14,78.98
2025-11-18,000592.SZ,平潭发展,45,74,海峡两岸/农林牧渔,8,5,87.14,78.98
2026-02-04,000592.SZ,平潭发展,41,新进,海峡两岸/农林牧渔,11,11,140.5,140.5
2026-02-05,000592.SZ,平潭发展,26,14,海峡两岸/农林牧渔,12,1,625.81,485.31
2026-02-06,000592.SZ,平潭发展,38,-13,海峡两岸/农林牧渔,9,-3,476.53,-149.28
2026-02-07,000592.SZ,平潭发展,43,85,海峡两岸/农林牧渔,8,5,87.14,78.98
2026-02-08,000592.SZ,平潭发展,45,74,海峡两岸/农林牧渔,8,5,87.14,78.98
2026-02-09,000592.SZ,平潭发展,25,13,海峡两岸/农林牧渔,12,3,121.69,-354.84
2026-02-10,000592.SZ,平潭发展,97,-66,海峡两岸/农林牧渔,5,-7,19.21,-102.48
2026-02-12,000592.SZ,平潭发展,110,15,海峡两岸/农林牧渔,3,0,8.16,-3.88
2026-02-13,000592.SZ,平潭发展,45,74,海峡两岸/农林牧渔,8,5,87.14,78.98
2026-02-05,300528.SZ,幸福蓝海,89,新进,文化传媒,4,4,20.35,20.35
2026-02-10,300528.SZ,幸福蓝海,93,165,文化传媒,5,3,4.11,-1.29
2026-02-11,300528.SZ,幸福蓝海,78,15,文化传媒,4,-1,13.88,9.77
2026-02-11,300638.SZ,广和通,99,新进,端侧AI/通信,4,4,41.05,41.05
2026-02-04,300436.SZ,广生堂,73,新进,医药,5,5,243.62,243.62
2026-02-05,300436.SZ,广生堂,59,20,医药,6,1,258.11,14.49
2026-02-06,300436.SZ,广生堂,22,31,医药,14,8,366.11,108.0
2026-02-09,300436.SZ,广生堂,38,-17,医药,10,-4,253.69,-112.42
2026-02-10,300436.SZ,广生堂,58,-19,医药,7,-3,230.09,-23.6
2026-02-11,300436.SZ,广生堂,75,-17,医药,4,-3,226.51,-3.58
2026-02-12,300436.SZ,广生堂,99,-24,医药,4,0,226.47,-0.04
2026-02-04,300900.SZ,广联航空,118,新进,商业航天/军工/低空经济,4,4,15.5,15.5
2026-02-05,300900.SZ,广联航空,51,71,商业航天/军工/低空经济,6,2,487.12,471.62
2026-02-09,300900.SZ,广联航空,113,75,商业航天/军工/低空经济,4,2,49.74,45.91
2025-11-17,002119.SZ,康强电子,109,6,芯片,3,0,8.2,0.62
2025-11-19,002119.SZ,康强电子,109,6,芯片,3,0,8.2,0.62
2026-02-04,002119.SZ,康强电子,47,新进,芯片,9,9,561.97,561.97
2026-02-05,002119.SZ,康强电子,49,-2,芯片,7,-2,59.09,-502.88
2026-02-07,002119.SZ,康强电子,109,6,芯片,3,0,8.2,0.62
2026-02-09,002119.SZ,康强电子,101,45,芯片,4,1,77.21,7.83
2026-02-10,002119.SZ,康强电子,81,26,芯片,5,1,80.67,3.46
2026-02-11,002119.SZ,康强电子,69,12,芯片,5,0,81.23,0.56
2026-02-09,603598.SH,引力传媒,56,435,AI应用/文化传媒,8,7,431.02,430.76
2026-02-10,603598.SH,引力传媒,20,29,AI应用/文化传媒,15,7,160.57,-270.45
2026-02-11,603598.SH,引力传媒,25,-5,AI应用/文化传媒,12,-3,127.73,-32.84
2026-02-12,603598.SH,引力传媒,98,-73,AI应用/文化传媒,4,-8,62.11,-65.62
2025-11-18,300657.SZ,弘信电子,115,3,PCB/算力基建/华为,3,0,146.15,60.79
2025-11-22,300657.SZ,弘信电子,115,3,PCB/算力基建/华为,3,0,146.15,60.79
2026-02-06,300657.SZ,弘信电子,116,121,PCB/算力基建/华为,4,2,52.2,32.89
2026-02-08,300657.SZ,弘信电子,115,3,PCB/算力基建/华为,3,0,146.15,60.79
2026-02-13,300657.SZ,弘信电子,115,3,PCB/算力基建/华为,3,0,146.15,60.79
2026-02-11,002177.SZ,御银股份,54,新进,数字货币/金融概念,6,6,139.17,139.17
2025-11-17,605287.SH,德才股份,65,-36,房地产/基础建设,6,-5,36.97,-37.13
2025-11-18,605287.SH,德才股份,68,-38,房地产/基础建设,6,-5,36.97,-37.13
2026-02-11,605287.SH,德才股份,67,338,房地产/基础建设,5,4,146.35,-96.37
2026-02-12,605287.SH,德才股份,30,37,房地产/基础建设,11,6,74.1,-72.25
2026-02-13,605287.SH,德才股份,68,-38,房地产/基础建设,6,-5,36.97,-37.13
2025-11-17,002054.SZ,德美化工,60,9,化工/新材料,6,1,58.84,-8.78
2025-11-18,002054.SZ,德美化工,69,14,化工/新材料,6,1,58.84,-8.78
2026-02-06,002054.SZ,德美化工,72,278,化工/新材料,5,4,406.92,382.97
2026-02-07,002054.SZ,德美化工,60,9,化工/新材料,6,1,58.84,-8.78
2026-02-08,002054.SZ,德美化工,69,14,化工/新材料,6,1,58.84,-8.78
2026-02-09,002054.SZ,德美化工,28,49,化工/新材料,12,7,165.45,-241.47
2026-02-10,002054.SZ,德美化工,57,-31,化工/新材料,7,-5,50.64,-114.81
2026-02-12,002054.SZ,德美化工,77,65,化工/新材料,5,2,67.62,7.36
2026-02-13,002054.SZ,德美化工,69,14,化工/新材料,6,1,58.84,-8.78
2025-11-17,300986.SZ,志特新材,41,16,AI应用/机器人,8,2,47.63,9.61
2025-11-18,300986.SZ,志特新材,44,19,AI应用/机器人,8,2,47.63,9.61
2026-02-04,300986.SZ,志特新材,8,新进,AI应用/机器人,29,29,650.16,650.16
2026-02-05,300986.SZ,志特新材,10,-2,AI应用/机器人,24,-5,334.74,-315.42
2026-02-06,300986.SZ,志特新材,16,-7,AI应用/机器人,17,-7,327.19,-7.55
2026-02-07,300986.SZ,志特新材,41,16,AI应用/机器人,8,2,47.63,9.61
2026-02-08,300986.SZ,志特新材,44,19,AI应用/机器人,8,2,47.63,9.61
2026-02-09,300986.SZ,志特新材,11,6,AI应用/机器人,22,5,523.77,196.58
2026-02-10,300986.SZ,志特新材,24,-13,AI应用/机器人,13,-9,144.38,-379.39
2026-02-11,300986.SZ,志特新材,39,-15,AI应用/机器人,9,-4,74.78,-69.6
2026-02-12,300986.SZ,志特新材,59,-20,AI应用/机器人,6,-3,38.02,-36.76
2026-02-13,300986.SZ,志特新材,44,19,AI应用/机器人,8,2,47.63,9.61
2026-02-04,000560.SZ,我爱我家,60,新进,房地产,6,6,276.57,276.57
2026-02-04,002218.SZ,拓日新能,55,新进,光伏,7,7,18.86,18.86
2026-02-05,002218.SZ,拓日新能,39,16,光伏,8,1,44.46,25.6
2026-02-06,002218.SZ,拓日新能,81,-40,光伏,5,-3,38.02,-6.44
2026-02-09,002218.SZ,拓日新能,75,-4,光伏,6,1,36.06,-1.96
2026-02-04,300724.SZ,捷佳伟创,29,新进,光伏,13,13,110.79,110.79
2026-02-05,300724.SZ,捷佳伟创,70,-40,光伏,5,-8,67.29,-43.5
2026-02-06,300724.SZ,捷佳伟创,91,-13,光伏,4,-1,31.82,-35.47
2026-02-09,300724.SZ,捷佳伟创,73,35,光伏,6,2,70.0,38.18
2025-11-17,300182.SZ,捷成股份,3,-1,文化传媒/AI 应用/算力基建,45,-15,780.98,-1419.19
2025-11-18,300182.SZ,捷成股份,3,-1,文化传媒/AI 应用/算力基建,45,-15,780.98,-1419.19
2026-02-09,300182.SZ,捷成股份,55,新进,文化传媒/AI 应用/算力基建,8,8,258.16,258.16
2026-02-10,300182.SZ,捷成股份,7,48,文化传媒/AI 应用/算力基建,33,25,809.35,551.19
2026-02-11,300182.SZ,捷成股份,3,4,文化传媒/AI 应用/算力基建,59,26,1506.88,697.53
2026-02-12,300182.SZ,捷成股份,2,1,文化传媒/AI 应用/算力基建,60,1,2200.17,693.29
2026-02-13,300182.SZ,捷成股份,3,-1,文化传媒/AI 应用/算力基建,45,-15,780.98,-1419.19
2026-02-06,300623.SZ,捷捷微电,95,26,芯片/汽车零部件/消费电子,4,1,45.19,0.44
2025-11-17,603533.SH,掌阅科技,2,518,AI应用,46,45,1136.95,1108.55
2025-11-18,603533.SH,掌阅科技,2,444,AI应用,46,45,1136.95,1108.55
2025-11-17,603881.SH,数据港,48,-26,算力基建,8,-6,107.42,-199.89
2025-11-18,603881.SH,数据港,41,-19,算力基建,8,-6,107.42,-199.89
2026-02-05,603881.SH,数据港,75,212,算力基建,5,3,9.97,4.56
2026-02-06,603881.SH,数据港,8,77,算力基建,27,22,708.42,698.45
2026-02-07,603881.SH,数据港,48,-26,算力基建,8,-6,107.42,-199.89
2026-02-08,603881.SH,数据港,41,-19,算力基建,8,-6,107.42,-199.89
2026-02-09,603881.SH,数据港,43,-35,算力基建,9,-18,32.04,-676.38
2026-02-10,603881.SH,数据港,13,31,算力基建,21,12,730.76,698.72
2026-02-11,603881.SH,数据港,16,-3,算力基建,15,-6,255.36,-475.4
2026-02-12,603881.SH,数据港,22,-6,算力基建,14,-1,307.31,51.95
2026-02-13,603881.SH,数据港,41,-19,算力基建,8,-6,107.42,-199.89
2026-02-04,600785.SH,新华百货,28,新进,零售,13,13,627.41,627.41
2026-02-05,600785.SH,新华百货,40,-11,零售,8,-5,703.2,75.79
2026-02-06,600785.SH,新华百货,59,-17,零售,6,-2,633.38,-69.82
2026-02-09,600785.SH,新华百货,118,-55,零售,4,-2,563.41,-69.97
2026-02-10,603888.SH,新华网,85,新进,AI应用/文化传媒,5,5,62.91,62.91
2026-02-04,,新华都,89,新进,AI应用/海峡两岸,5,5,146.31,146.31
2026-02-05,,新华都,45,27,AI应用/海峡两岸,7,2,252.36,106.05
2026-02-06,,新华都,31,18,AI应用/海峡两岸,11,4,304.32,51.96
2026-02-10,,新华都,104,25,AI应用/海峡两岸,4,0,107.76,8.54
2025-11-17,300502.SZ,新易盛,91,61,光模块,4,1,58.57,11.02
2025-11-18,300502.SZ,新易盛,100,44,光模块,4,1,58.57,11.02
2026-02-04,300502.SZ,新易盛,67,新进,光模块,6,6,255.47,255.47
2026-02-05,300502.SZ,新易盛,108,-44,光模块,4,-2,241.3,-14.17
2026-02-07,300502.SZ,新易盛,91,61,光模块,4,1,58.57,11.02
2026-02-08,300502.SZ,新易盛,100,44,光模块,4,1,58.57,11.02
2026-02-09,300502.SZ,新易盛,44,142,光模块,9,7,89.72,16.91
2026-02-13,300502.SZ,新易盛,100,44,光模块,4,1,58.57,11.02
2026-02-10,002196.SZ,方正电机,119,132,机器人/汽车零部件,4,2,53.74,51.42
2025-11-17,300418.SZ,昆仑万维,24,1,AI应用,12,0,428.16,-11.02
2025-11-18,300418.SZ,昆仑万维,24,2,AI应用,12,0,428.16,-11.02
2026-02-04,300418.SZ,昆仑万维,22,新进,AI应用,16,16,553.47,553.47
2026-02-05,300418.SZ,昆仑万维,14,8,AI应用,17,1,952.89,399.42
2026-02-06,300418.SZ,昆仑万维,55,-41,AI应用,7,-10,515.68,-437.21
2026-02-07,300418.SZ,昆仑万维,24,1,AI应用,12,0,428.16,-11.02
2026-02-08,300418.SZ,昆仑万维,24,2,AI应用,12,0,428.16,-11.02
2026-02-09,300418.SZ,昆仑万维,31,15,AI应用,12,5,444.15,-71.53
2026-02-10,300418.SZ,昆仑万维,29,1,AI应用,12,0,159.03,-285.12
2026-02-11,300418.SZ,昆仑万维,104,-75,AI应用,4,-8,102.37,-56.66
2026-02-12,300418.SZ,昆仑万维,25,79,AI应用,12,8,439.18,336.81
2026-02-13,300418.SZ,昆仑万维,24,2,AI应用,12,0,428.16,-11.02
2026-02-04,601615.SH,明阳智能,38,新进,风电/光伏,11,11,1517.9,1517.9
2026-02-05,601615.SH,明阳智能,46,-9,风电/光伏,7,-4,903.82,-614.08
2026-02-06,601615.SH,明阳智能,47,3,风电/光伏,7,0,994.13,90.31
2026-02-09,601615.SH,明阳智能,37,10,风电/光伏,11,4,1065.73,71.6
2026-02-10,601615.SH,明阳智能,113,-78,风电/光伏,4,-7,1007.52,-58.21
2025-11-17,300812.SZ,易天股份,94,101,半导体设备/消费电子,4,2,93.97,38.64
2025-11-18,300812.SZ,易天股份,102,67,半导体设备/消费电子,4,2,93.97,38.64
2026-02-04,300943.SZ,春晖智控,56,新进,核聚变/氢能源,7,7,196.8,196.8
2026-02-06,000767.SZ,晋控电力,94,新进,电力/储能,4,4,32.83,32.83
2025-11-17,300139.SZ,晓程科技,70,-5,芯片/金属,6,0,93.04,-16.45
2025-11-18,300139.SZ,晓程科技,63,-2,芯片/金属,6,0,93.04,-16.45
2026-02-04,300139.SZ,晓程科技,25,新进,芯片/金属,15,15,405.31,405.31
2026-02-05,300139.SZ,晓程科技,33,-8,芯片/金属,10,-5,118.18,-287.13
2026-02-06,300139.SZ,晓程科技,32,2,芯片/金属,11,1,141.37,23.19
2026-02-07,300139.SZ,晓程科技,70,-5,芯片/金属,6,0,93.04,-16.45
2026-02-08,300139.SZ,晓程科技,63,-2,芯片/金属,6,0,93.04,-16.45
2026-02-09,300139.SZ,晓程科技,67,-36,芯片/金属,6,-5,141.99,0.62
2026-02-10,300139.SZ,晓程科技,74,-2,芯片/金属,6,0,80.72,-61.27
2026-02-11,300139.SZ,晓程科技,43,31,芯片/金属,8,2,131.42,50.7
2026-02-12,300139.SZ,晓程科技,61,-18,芯片/金属,6,-2,109.49,-21.93
2026-02-13,300139.SZ,晓程科技,63,-2,芯片/金属,6,0,93.04,-16.45
2026-02-04,300316.SZ,晶盛机电,31,新进,芯片/半导体设备/光伏,13,13,153.65,153.65
2026-02-05,300316.SZ,晶盛机电,19,9,芯片/半导体设备/光伏,14,1,164.88,11.23
2026-02-06,300316.SZ,晶盛机电,78,-60,芯片/半导体设备/光伏,5,-9,35.09,-129.79
2026-02-09,300316.SZ,晶盛机电,66,15,芯片/半导体设备/光伏,6,1,93.54,58.45
2026-02-10,300316.SZ,晶盛机电,79,-11,芯片/半导体设备/光伏,5,-1,83.65,-9.89
2026-02-11,300316.SZ,晶盛机电,51,28,芯片/半导体设备/光伏,7,2,131.92,48.27
2026-02-06,600884.SH,杉杉股份,96,新进,锂电池/新材料/固态电池,4,4,3.87,3.87
2026-02-09,600884.SH,杉杉股份,116,-14,锂电池/新材料/固态电池,4,0,4.26,0.39
2026-02-10,600884.SH,杉杉股份,98,21,锂电池/新材料/固态电池,5,1,33.71,29.45
2026-02-05,600814.SH,杭州解百,78,164,零售/旅游,5,3,5.39,-50.84
2026-02-06,600814.SH,杭州解百,9,55,零售/旅游,26,21,722.58,717.19
2026-02-09,600814.SH,杭州解百,14,-5,零售/旅游,19,-7,81.6,-640.98
2026-02-10,600814.SH,杭州解百,45,-31,零售/旅游,8,-11,29.59,-52.01
2025-11-17,603618.SH,杭电股份,33,-24,电气设备/量子科技,10,-14,70.23,-944.86
2025-11-18,603618.SH,杭电股份,33,-24,电气设备/量子科技,10,-14,70.23,-944.86
2026-02-04,603618.SH,杭电股份,43,新进,电气设备/量子科技,10,10,106.61,106.61
2026-02-05,603618.SH,杭电股份,8,36,电气设备/量子科技,29,19,252.69,146.08
2026-02-06,603618.SH,杭电股份,6,2,电气设备/量子科技,32,3,731.4,478.71
2026-02-07,603618.SH,杭电股份,33,-24,电气设备/量子科技,10,-14,70.23,-944.86
2026-02-08,603618.SH,杭电股份,33,-24,电气设备/量子科技,10,-14,70.23,-944.86
2026-02-09,603618.SH,杭电股份,3,3,电气设备/量子科技,45,13,1920.43,1189.03
2026-02-10,603618.SH,杭电股份,16,-13,电气设备/量子科技,17,-28,492.33,-1428.1
2026-02-11,603618.SH,杭电股份,15,1,电气设备/量子科技,16,-1,285.95,-206.38
2026-02-12,603618.SH,杭电股份,8,7,电气设备/量子科技,24,8,1015.09,729.14
2026-02-13,603618.SH,杭电股份,33,-24,电气设备/量子科技,10,-14,70.23,-944.86
2026-02-06,603232.SH,格尔软件,92,199,量子科技/AI应用,4,3,379.12,276.29
2026-02-11,002340.SZ,格林美,34,593,锂电池/金属,9,8,41.12,29.89
2026-02-06,000700.SZ,模塑科技,84,72,机器人/汽车零部件,4,1,37.84,-70.95
2025-11-17,603103.SH,横店影视,59,-39,文化传媒/零售,7,-8,22.69,-159.63
2025-11-18,603103.SH,横店影视,59,-39,文化传媒/零售,7,-8,22.69,-159.63
2026-02-04,603103.SH,横店影视,70,新进,文化传媒/零售,6,6,30.52,30.52
2026-02-05,603103.SH,横店影视,23,36,文化传媒/零售,13,7,143.73,113.21
2026-02-06,603103.SH,横店影视,24,-1,文化传媒/零售,13,0,1075.14,931.41
2026-02-07,603103.SH,横店影视,59,-39,文化传媒/零售,7,-8,22.69,-159.63
2026-02-08,603103.SH,横店影视,59,-39,文化传媒/零售,7,-8,22.69,-159.63
2026-02-09,603103.SH,横店影视,10,14,文化传媒/零售,26,13,1249.85,174.71
2026-02-10,603103.SH,横店影视,14,-4,文化传媒/零售,19,-7,1925.12,675.27
2026-02-11,603103.SH,横店影视,10,4,文化传媒/零售,23,4,209.84,-1715.28
2026-02-12,603103.SH,横店影视,19,-9,文化传媒/零售,15,-8,182.32,-27.52
2026-02-13,603103.SH,横店影视,59,-39,文化传媒/零售,7,-8,22.69,-159.63
2025-11-17,000892.SZ,欢瑞世纪,55,-48,AI应用/文化传媒,7,-18,22.48,-487.04
2025-11-18,000892.SZ,欢瑞世纪,54,-47,AI应用/文化传媒,7,-18,22.48,-487.04
2026-02-11,000892.SZ,欢瑞世纪,7,新进,AI应用/文化传媒,35,35,567.55,567.55
2026-02-12,000892.SZ,欢瑞世纪,7,0,AI应用/文化传媒,25,-10,509.52,-58.03
2026-02-13,000892.SZ,欢瑞世纪,54,-47,AI应用/文化传媒,7,-18,22.48,-487.04
2025-11-17,300766.SZ,每日互动,46,42,AI应用/国产软件,8,4,131.92,81.15
2025-11-18,300766.SZ,每日互动,49,57,AI应用/国产软件,8,4,131.92,81.15
2026-02-10,300766.SZ,每日互动,62,99,AI应用/国产软件,7,4,199.63,192.33
2026-02-11,300766.SZ,每日互动,38,24,AI应用/国产软件,9,2,164.76,-34.87
2026-02-12,300766.SZ,每日互动,93,-55,AI应用/国产软件,4,-5,50.77,-113.99
2026-02-13,300766.SZ,每日互动,49,57,AI应用/国产软件,8,4,131.92,81.15
2025-11-17,301362.SZ,民爆光电,76,-31,消费电子/商业航天/机器人,5,-3,192.8,-34.14
2025-11-18,301362.SZ,民爆光电,81,-40,消费电子/商业航天/机器人,5,-3,192.8,-34.14
2026-02-05,301362.SZ,民爆光电,35,新进,消费电子/商业航天/机器人,9,9,80.24,80.24
2026-02-06,301362.SZ,民爆光电,23,15,消费电子/商业航天/机器人,14,5,229.17,148.93
2026-02-07,301362.SZ,民爆光电,76,-31,消费电子/商业航天/机器人,5,-3,192.8,-34.14
2026-02-08,301362.SZ,民爆光电,81,-40,消费电子/商业航天/机器人,5,-3,192.8,-34.14
2026-02-09,301362.SZ,民爆光电,45,-22,消费电子/商业航天/机器人,9,-5,133.4,-95.77
2026-02-10,301362.SZ,民爆光电,42,0,消费电子/商业航天/机器人,9,0,126.3,-7.1
2026-02-11,301362.SZ,民爆光电,89,-47,消费电子/商业航天/机器人,4,-5,124.64,-1.66
2026-02-12,301362.SZ,民爆光电,42,47,消费电子/商业航天/机器人,8,4,226.94,102.3
2026-02-13,301362.SZ,民爆光电,81,-40,消费电子/商业航天/机器人,5,-3,192.8,-34.14
2026-02-09,300170.SZ,汉得信息,115,116,AI应用,4,2,20.69,6.97
2025-11-17,002498.SZ,汉缆股份,23,38,电气设备,13,7,149.81,91.7
2025-11-18,002498.SZ,汉缆股份,23,34,电气设备,13,7,149.81,91.7
2026-02-12,002498.SZ,汉缆股份,65,新进,电气设备,6,6,58.11,58.11
2026-02-13,002498.SZ,汉缆股份,23,34,电气设备,13,7,149.81,91.7
2026-02-06,300666.SZ,江丰电子,73,新进,半导体设备,5,5,260.82,260.82
2026-02-09,300666.SZ,江丰电子,119,-44,半导体设备,4,-1,107.38,-153.44
2026-02-12,300666.SZ,江丰电子,117,99,半导体设备,3,1,23.08,8.7
2026-02-06,300927.SZ,江天化学,99,149,化工,4,2,216.42,163.54
2026-02-09,300927.SZ,江天化学,106,10,化工,4,0,40.06,-176.36
2026-02-12,300927.SZ,江天化学,87,182,化工,4,3,54.33,36.74
2025-11-17,301308.SZ,江波龙,77,101,存储芯片,5,3,33.41,18.77
2025-11-18,301308.SZ,江波龙,85,175,存储芯片,5,3,33.41,18.77
2026-02-10,002438.SZ,江苏神通,61,新进,核聚变/军工/工业母机,7,7,18.82,18.82
2025-11-17,600397.SH,江钨装备,110,365,工业母机/金属/机器人,3,2,160.94,153.78
2025-11-18,600397.SH,江钨装备,106,286,工业母机/金属/机器人,3,2,160.94,153.78
2025-11-17,300589.SZ,江龙船艇,95,420,军工,4,3,427.5,415.53
2025-11-18,300589.SZ,江龙船艇,97,344,军工,4,3,427.5,415.53
2026-02-11,002886.SZ,沃特股份,80,新进,,4,4,305.62,305.62
2026-02-05,002463.SZ,沪电股份,119,25,PCB/通信,3,0,62.67,2.3
2026-02-04,301636.SZ,泽润新能,88,新进,光伏/新材料,5,5,162.82,162.82
2026-02-06,301636.SZ,泽润新能,77,新进,光伏/新材料,5,5,76.88,76.88
2026-02-09,301636.SZ,泽润新能,47,33,光伏/新材料,9,4,51.79,-25.09
2026-02-04,600759.SH,洲际油气,102,新进,油气能源/海南,4,4,27.54,27.54
2026-02-05,600759.SH,洲际油气,97,10,油气能源/海南,4,0,65.15,37.61
2026-02-06,600759.SH,洲际油气,115,-9,油气能源/海南,4,0,82.12,16.97
2026-02-11,600759.SH,洲际油气,116,55,油气能源/海南,3,0,89.53,74.15
2025-11-17,600986.SH,浙文互联,38,-19,AI应用/算力基建/文化传媒,9,-6,395.28,-538.72
2025-11-18,600986.SH,浙文互联,38,-17,AI应用/算力基建/文化传媒,9,-6,395.28,-538.72
2026-02-04,600986.SH,浙文互联,2,新进,AI应用/算力基建/文化传媒,71,71,2600.19,2600.19
2026-02-05,600986.SH,浙文互联,2,0,AI应用/算力基建/文化传媒,69,-2,3416.03,815.84
2026-02-06,600986.SH,浙文互联,2,0,AI应用/算力基建/文化传媒,52,-17,651.84,-2764.19
2026-02-07,600986.SH,浙文互联,38,-19,AI应用/算力基建/文化传媒,9,-6,395.28,-538.72
2026-02-08,600986.SH,浙文互联,38,-17,AI应用/算力基建/文化传媒,9,-6,395.28,-538.72
2026-02-09,600986.SH,浙文互联,6,-4,AI应用/算力基建/文化传媒,38,-14,472.98,-178.86
2026-02-10,600986.SH,浙文互联,8,-2,AI应用/算力基建/文化传媒,31,-7,826.25,353.27
2026-02-11,600986.SH,浙文互联,21,-13,AI应用/算力基建/文化传媒,13,-18,348.17,-478.08
2026-02-12,600986.SH,浙文互联,20,1,AI应用/算力基建/文化传媒,15,2,934.0,585.83
2026-02-13,600986.SH,浙文互联,38,-17,AI应用/算力基建/文化传媒,9,-6,395.28,-538.72
2026-02-06,601599.SH,浙文影业,29,新进,文化传媒/服装家纺,12,12,103.16,103.16
2026-02-09,601599.SH,浙文影业,95,-67,文化传媒/服装家纺,5,-7,52.84,-50.32
2026-02-10,601599.SH,浙文影业,33,51,文化传媒/服装家纺,11,6,136.65,83.81
2026-02-11,601599.SH,浙文影业,58,-25,文化传媒/服装家纺,6,-5,31.49,-105.16
2025-11-17,002703.SZ,浙江世宝,84,新进,智能驾驶,5,5,1051.34,1051.34
2025-11-18,002703.SZ,浙江世宝,83,新进,智能驾驶,5,5,1051.34,1051.34
2026-02-06,002703.SZ,浙江世宝,110,8,智能驾驶,4,1,34.44,5.52
2026-02-07,002703.SZ,浙江世宝,84,新进,智能驾驶,5,5,1051.34,1051.34
2026-02-08,002703.SZ,浙江世宝,83,新进,智能驾驶,5,5,1051.34,1051.34
2025-11-17,000977.SZ,浪潮信息,49,-9,算力基建,8,0,154.19,-158.0
2025-11-18,000977.SZ,浪潮信息,43,-1,算力基建,8,0,154.19,-158.0
2026-02-10,000977.SZ,浪潮信息,84,475,算力基建,5,4,46.5,34.4
2026-02-12,000977.SZ,浪潮信息,40,116,算力基建,8,5,312.19,296.67
2026-02-13,000977.SZ,浪潮信息,43,-1,算力基建,8,0,154.19,-158.0
2025-11-17,300065.SZ,海兰信,10,29,算力基建/商业航天,20,12,136.54,80.76
2025-11-18,300065.SZ,海兰信,10,33,算力基建/商业航天,20,12,136.54,80.76
2026-02-04,300065.SZ,海兰信,5,新进,算力基建/商业航天,42,42,1174.42,1174.42
2026-02-05,300065.SZ,海兰信,9,-4,算力基建/商业航天,24,-18,254.26,-920.16
2026-02-06,300065.SZ,海兰信,12,-2,算力基建/商业航天,20,-4,146.39,-107.87
2026-02-07,300065.SZ,海兰信,10,29,算力基建/商业航天,20,12,136.54,80.76
2026-02-08,300065.SZ,海兰信,10,33,算力基建/商业航天,20,12,136.54,80.76
2026-02-09,300065.SZ,海兰信,17,-6,算力基建/商业航天,17,-3,339.63,193.24
2026-02-10,300065.SZ,海兰信,25,-8,算力基建/商业航天,13,-4,139.32,-200.31
2026-02-11,300065.SZ,海兰信,8,17,算力基建/商业航天,32,19,261.29,121.97
2026-02-12,300065.SZ,海兰信,43,-35,算力基建/商业航天,8,-24,55.78,-205.51
2026-02-13,300065.SZ,海兰信,10,33,算力基建/商业航天,20,12,136.54,80.76
2025-11-17,002163.SZ,海南发展,61,187,海南/免税,6,4,62.01,56.46
2025-11-18,002163.SZ,海南发展,65,157,海南/免税,6,4,62.01,56.46
2026-02-05,002163.SZ,海南发展,79,391,海南/免税,5,4,40.97,38.06
2026-02-07,002163.SZ,海南发展,61,187,海南/免税,6,4,62.01,56.46
2026-02-08,002163.SZ,海南发展,65,157,海南/免税,6,4,62.01,56.46
2026-02-05,300300.SZ,海峡创新,58,157,海峡两岸,6,4,400.18,391.83
2026-02-06,300300.SZ,海峡创新,68,-17,海峡两岸,6,0,63.42,-336.76
2025-11-18,002465.SZ,海格通信,116,-27,商业航天/军工/低空经济,3,-1,10.54,-0.93
2025-11-22,002465.SZ,海格通信,116,-27,商业航天/军工/低空经济,3,-1,10.54,-0.93
2026-02-04,002465.SZ,海格通信,113,新进,商业航天/军工/低空经济,4,4,23.01,23.01
2026-02-05,002465.SZ,海格通信,57,63,商业航天/军工/低空经济,6,2,34.6,11.59
2026-02-06,002465.SZ,海格通信,93,-41,商业航天/军工/低空经济,4,-2,28.82,-5.78
2026-02-08,002465.SZ,海格通信,116,-27,商业航天/军工/低空经济,3,-1,10.54,-0.93
2026-02-09,002465.SZ,海格通信,80,30,商业航天/军工/低空经济,6,2,30.15,1.33
2026-02-12,002465.SZ,海格通信,102,97,商业航天/军工/低空经济,4,2,11.47,9.21
2026-02-13,002465.SZ,海格通信,116,-27,商业航天/军工/低空经济,3,-1,10.54,-0.93
2026-02-09,301262.SZ,海看股份,62,新进,文化传媒/AI 应用,7,7,430.32,430.32
2026-02-10,301262.SZ,海看股份,30,29,文化传媒/AI 应用,12,5,160.68,-269.64
2026-02-09,002099.SZ,海翔药业,84,77,医药/化工,5,2,183.03,-62.48
2026-02-10,002099.SZ,海翔药业,23,65,医药/化工,14,9,149.75,-33.28
2026-02-11,002099.SZ,海翔药业,105,-82,医药/化工,4,-10,13.61,-136.14
2025-11-17,300277.SZ,海联讯,87,4,通信/电力,4,0,55.07,-21.45
2025-11-18,300277.SZ,海联讯,99,-14,通信/电力,4,0,55.07,-21.45
2026-02-12,300277.SZ,海联讯,106,331,通信/电力,4,3,76.52,74.76
2026-02-13,300277.SZ,海联讯,99,-14,通信/电力,4,0,55.07,-21.45
2025-11-17,603138.SH,海量数据,25,5,国产软件/算力基建,12,1,135.32,-461.41
2025-11-18,603138.SH,海量数据,25,2,国产软件/算力基建,12,1,135.32,-461.41
2026-02-12,603138.SH,海量数据,28,168,国产软件/算力基建,11,9,596.73,594.46
2026-02-13,603138.SH,海量数据,25,2,国产软件/算力基建,12,1,135.32,-461.41
2025-11-17,300442.SZ,润泽科技,32,1,液冷/算力基建,10,0,380.19,117.81
2025-11-18,300442.SZ,润泽科技,32,1,液冷/算力基建,10,0,380.19,117.81
2026-02-04,300442.SZ,润泽科技,19,新进,液冷/算力基建,18,18,386.23,386.23
2026-02-05,300442.SZ,润泽科技,29,-10,液冷/算力基建,11,-7,273.86,-112.38
2026-02-06,300442.SZ,润泽科技,30,-1,液冷/算力基建,12,1,394.73,120.87
2026-02-07,300442.SZ,润泽科技,32,1,液冷/算力基建,10,0,380.19,117.81
2026-02-08,300442.SZ,润泽科技,32,1,液冷/算力基建,10,0,380.19,117.81
2026-02-09,300442.SZ,润泽科技,24,6,液冷/算力基建,13,1,404.68,9.95
2026-02-10,300442.SZ,润泽科技,39,-16,液冷/算力基建,10,-3,354.18,-50.49
2026-02-11,300442.SZ,润泽科技,27,12,液冷/算力基建,11,1,383.25,29.07
2026-02-12,300442.SZ,润泽科技,33,-6,液冷/算力基建,10,-1,262.38,-120.87
2026-02-13,300442.SZ,润泽科技,32,1,液冷/算力基建,10,0,380.19,117.81
2026-02-04,001316.SZ,润贝航科,120,新进,航空/端侧AI,4,4,268.85,268.85
2025-11-17,000021.SZ,深科技,26,新进,存储芯片,12,12,402.03,402.03
2025-11-18,000021.SZ,深科技,27,新进,存储芯片,12,12,402.03,402.03
2026-02-04,603516.SH,淳中科技,76,新进,液冷/芯片,5,5,112.49,112.49
2026-02-05,603516.SH,淳中科技,96,-14,液冷/芯片,4,-1,87.06,-25.43
2026-02-09,603516.SH,淳中科技,72,76,液冷/芯片,6,3,105.58,21.58
2026-02-10,603516.SH,淳中科技,107,-30,液冷/芯片,4,-2,86.72,-18.86
2026-02-11,603516.SH,淳中科技,74,33,液冷/芯片,5,1,90.78,4.06
2026-02-12,603516.SH,淳中科技,76,-2,液冷/芯片,5,0,74.65,-16.13
2026-02-04,002716.SZ,湖南白银,53,新进,金属,7,7,18.38,18.38
2026-02-06,002716.SZ,湖南白银,114,436,金属,4,3,8.34,6.26
2026-02-04,002155.SZ,湖南黄金,21,新进,金属,17,17,445.0,445.0
2026-02-05,002155.SZ,湖南黄金,24,-4,金属,13,-4,249.41,-195.59
2026-02-06,002155.SZ,湖南黄金,11,13,金属,20,7,710.22,460.81
2026-02-09,002155.SZ,湖南黄金,87,-75,金属,5,-15,111.18,-599.04
2025-11-17,600498.SH,烽火通信,67,-19,商业航天/通信,6,-1,341.02,0.99
2025-11-18,600498.SH,烽火通信,60,-5,商业航天/通信,6,-1,341.02,0.99
2026-02-04,600498.SH,烽火通信,64,新进,商业航天/通信,6,6,291.12,291.12
2026-02-05,600498.SH,烽火通信,50,17,商业航天/通信,7,1,267.61,-23.51
2026-02-06,600498.SH,烽火通信,27,20,商业航天/通信,13,6,205.0,-62.61
2026-02-07,600498.SH,烽火通信,67,-19,商业航天/通信,6,-1,341.02,0.99
2026-02-08,600498.SH,烽火通信,60,-5,商业航天/通信,6,-1,341.02,0.99
2026-02-09,600498.SH,烽火通信,108,-81,商业航天/通信,4,-9,294.3,89.3
2026-02-10,600498.SH,烽火通信,43,68,商业航天/通信,9,5,364.05,69.75
2026-02-11,600498.SH,烽火通信,48,-5,商业航天/通信,7,-2,344.61,-19.44
2026-02-12,600498.SH,烽火通信,50,-2,商业航天/通信,7,0,340.03,-4.58
2026-02-13,600498.SH,烽火通信,60,-5,商业航天/通信,6,-1,341.02,0.99
2025-11-17,000070.SZ,特发信息,37,-27,光模块/军工/算力基建,9,-13,730.96,325.38
2025-11-18,000070.SZ,特发信息,37,-27,光模块/军工/算力基建,9,-13,730.96,325.38
2026-02-05,000070.SZ,特发信息,77,308,光模块/军工/算力基建,5,4,13.32,12.51
2026-02-06,000070.SZ,特发信息,83,3,光模块/军工/算力基建,4,-1,10.44,-2.88
2026-02-07,000070.SZ,特发信息,37,-27,光模块/军工/算力基建,9,-13,730.96,325.38
2026-02-08,000070.SZ,特发信息,37,-27,光模块/军工/算力基建,9,-13,730.96,325.38
2026-02-10,000070.SZ,特发信息,110,50,光模块/军工/算力基建,4,1,34.34,27.01
2026-02-11,000070.SZ,特发信息,86,24,光模块/军工/算力基建,4,0,36.17,1.83
2026-02-12,000070.SZ,特发信息,10,76,光模块/军工/算力基建,22,18,405.58,369.41
2026-02-13,000070.SZ,特发信息,37,-27,光模块/军工/算力基建,9,-13,730.96,325.38
2026-02-04,600089.SH,特变电工,69,新进,电气设备/光伏/油气能源,6,6,75.66,75.66
2026-02-12,601231.SH,环旭电子,95,341,消费电子/芯片,4,3,23.98,22.07
2026-02-09,301611.SZ,珂玛科技,112,-28,半导体设备/存储芯片,4,0,30.6,3.18
2025-11-18,301018.SZ,申菱环境,107,-41,液冷/算力基建/储能,3,-3,10.26,-24.43
2025-11-22,301018.SZ,申菱环境,107,-41,液冷/算力基建/储能,3,-3,10.26,-24.43
2026-02-12,301018.SZ,申菱环境,62,482,液冷/算力基建/储能,6,5,34.69,-401.57
2026-02-13,301018.SZ,申菱环境,107,-41,液冷/算力基建/储能,3,-3,10.26,-24.43
2025-11-17,000917.SZ,电广传媒,73,-24,文化传媒/AI应用,6,-1,198.32,-46.69
2025-11-18,000917.SZ,电广传媒,66,-20,文化传媒/AI应用,6,-1,198.32,-46.69
2026-02-09,000917.SZ,电广传媒,99,159,文化传媒/AI应用,4,2,122.98,28.07
2026-02-10,000917.SZ,电广传媒,116,-15,文化传媒/AI应用,4,0,125.96,2.98
2026-02-12,000917.SZ,电广传媒,55,67,文化传媒/AI应用,7,4,245.01,79.33
2026-02-13,000917.SZ,电广传媒,66,-20,文化传媒/AI应用,6,-1,198.32,-46.69
2026-02-04,603861.SH,白云电器,93,新进,电气设备/基础建设,4,4,13.19,13.19
2026-02-04,601212.SH,白银有色,24,新进,金属,16,16,83.59,83.59
2026-02-05,601212.SH,白银有色,104,-80,金属,4,-12,30.25,-53.34
2026-02-09,603959.SH,百利科技,70,新进,,6,6,40.61,40.61
2025-11-17,002455.SZ,百川股份,68,-27,锂电池/化工/储能,6,-2,51.78,-54.11
2025-11-18,002455.SZ,百川股份,71,-26,锂电池/化工/储能,6,-2,51.78,-54.11
2026-02-04,002455.SZ,百川股份,78,新进,锂电池/化工/储能,5,5,148.55,148.55
2026-02-06,002455.SZ,百川股份,82,61,锂电池/化工/储能,4,1,233.83,180.85
2026-02-07,002455.SZ,百川股份,68,-27,锂电池/化工/储能,6,-2,51.78,-54.11
2026-02-08,002455.SZ,百川股份,71,-26,锂电池/化工/储能,6,-2,51.78,-54.11
2026-02-09,002455.SZ,百川股份,92,8,锂电池/化工/储能,5,1,126.05,-107.78
2026-02-10,002455.SZ,百川股份,90,7,锂电池/化工/储能,5,0,138.71,12.66
2026-02-11,002455.SZ,百川股份,17,73,锂电池/化工/储能,15,10,187.9,49.19
2026-02-12,002455.SZ,百川股份,44,-27,锂电池/化工/储能,8,-7,105.89,-82.01
2026-02-13,002455.SZ,百川股份,71,-26,锂电池/化工/储能,6,-2,51.78,-54.11
2026-02-10,300291.SZ,百纳千成,94,60,文化传媒/AI应用,5,2,37.61,17.55
2025-11-17,603331.SH,百达精工,105,58,机器人/汽车零部件,3,1,86.13,84.69
2025-11-18,603331.SH,百达精工,105,140,机器人/汽车零部件,3,1,86.13,84.69
2026-02-04,000995.SZ,皇台酒业,10,新进,食品饮料,26,26,84.37,84.37
2026-02-05,000995.SZ,皇台酒业,20,-10,食品饮料,14,-12,61.68,-22.69
2026-02-06,000995.SZ,皇台酒业,26,-7,食品饮料,13,-1,67.79,6.11
2026-02-09,000995.SZ,皇台酒业,61,-35,食品饮料,7,-6,64.67,-3.12
2026-02-06,000056.SZ,皇庭国际,103,528,芯片/房地产,4,3,105.77,104.51
2026-02-06,002864.SZ,盘龙药业,80,新进,,5,5,461.53,461.53
2026-02-09,600392.SH,盛和资源,60,227,稀土永磁/金属,7,6,53.46,52.97
2026-02-11,600392.SH,盛和资源,100,117,稀土永磁/金属,4,2,21.79,13.54
2026-02-12,600711.SH,盛屯矿业,90,231,金属,4,3,3.91,3.28
2025-11-17,002240.SZ,盛新锂能,108,138,锂电池,3,1,40.33,36.05
2025-11-19,002240.SZ,盛新锂能,108,138,锂电池,3,1,40.33,36.05
2026-02-09,002400.SZ,省广集团,111,540,AI应用,4,3,33.58,33.13
2026-02-05,002153.SZ,石基信息,72,480,AI应用/国产软件,5,4,216.62,87.3
2026-02-06,002153.SZ,石基信息,101,-18,AI应用/国产软件,4,-1,56.46,-160.16
2025-11-17,603688.SH,石英股份,118,28,新材料/半导体设备/光伏,3,0,44.19,-9.93
2025-11-19,603688.SH,石英股份,118,28,新材料/半导体设备/光伏,3,0,44.19,-9.93
2026-02-04,300189.SZ,神农种业,106,新进,海南/农林牧渔,4,4,29.84,29.84
2026-02-05,002361.SZ,神剑股份,94,48,商业航天/军工,4,1,18.71,12.03
2026-02-06,002361.SZ,神剑股份,21,88,商业航天/军工,14,10,298.08,279.37
2026-02-09,002361.SZ,神剑股份,30,-8,商业航天/军工,12,-2,122.37,-175.71
2026-02-10,002361.SZ,神剑股份,37,-8,商业航天/军工,10,-2,73.03,-49.34
2026-02-11,002361.SZ,神剑股份,68,-31,商业航天/军工,5,-5,10.51,-62.52
2026-02-12,000555.SZ,神州信息,112,新进,量子科技,3,3,1.65,1.65
2026-02-12,300731.SZ,科创新源,101,新进,液冷/新材料,4,4,22.33,22.33
2025-11-17,300520.SZ,科大国创,75,156,量子科技,5,3,42.93,-103.96
2025-11-18,300520.SZ,科大国创,79,127,量子科技,5,3,42.93,-103.96
2026-02-06,300520.SZ,科大国创,51,385,量子科技,7,6,40.69,22.75
2026-02-07,300520.SZ,科大国创,75,156,量子科技,5,3,42.93,-103.96
2026-02-08,300520.SZ,科大国创,79,127,量子科技,5,3,42.93,-103.96
2026-02-09,300520.SZ,科大国创,86,-42,量子科技,5,-2,89.01,48.32
2026-02-10,300520.SZ,科大国创,102,-10,量子科技,4,-1,59.15,-29.86
2026-02-13,300520.SZ,科大国创,79,127,量子科技,5,3,42.93,-103.96
2026-02-06,603626.SH,科森科技,120,141,机器人/端侧AI,4,2,256.11,123.93
2025-11-17,002957.SZ,科瑞技术,113,-67,机器人/锂电池/消费电子,3,-4,4.53,-63.81
2025-11-18,002957.SZ,科瑞技术,111,-59,机器人/锂电池/消费电子,3,-4,4.53,-63.81
2026-02-05,002957.SZ,科瑞技术,106,182,机器人/锂电池/消费电子,4,2,18.84,1.59
2026-02-06,002957.SZ,科瑞技术,106,-17,机器人/锂电池/消费电子,4,0,35.97,17.13
2026-02-07,002957.SZ,科瑞技术,113,-67,机器人/锂电池/消费电子,3,-4,4.53,-63.81
2026-02-08,002957.SZ,科瑞技术,111,-59,机器人/锂电池/消费电子,3,-4,4.53,-63.81
2026-02-09,002957.SZ,科瑞技术,68,38,机器人/锂电池/消费电子,6,2,59.65,23.68
2026-02-10,002957.SZ,科瑞技术,82,-9,机器人/锂电池/消费电子,5,-1,46.47,-13.18
2026-02-11,002957.SZ,科瑞技术,71,11,机器人/锂电池/消费电子,5,0,39.68,-6.79
2026-02-12,002957.SZ,科瑞技术,48,23,机器人/锂电池/消费电子,7,2,68.34,28.66
2026-02-13,002957.SZ,科瑞技术,111,-59,机器人/锂电池/消费电子,3,-4,4.53,-63.81
2026-02-04,002339.SZ,积成电子,105,新进,电气设备,4,4,10.1,10.1
2026-02-04,,粤传媒,90,新进,AI应用/文化传媒,5,5,6.82,6.82
2026-02-09,,粤传媒,117,364,AI应用/文化传媒,4,3,29.84,27.75
2026-02-10,,粤传媒,99,23,AI应用/文化传媒,4,0,7.27,-22.57
2025-11-18,000833.SZ,粤桂股份,112,64,固态电池,3,1,2.16,0.37
2025-11-22,000833.SZ,粤桂股份,112,64,固态电池,3,1,2.16,0.37
2026-02-09,000525.SZ,红太阳,104,175,,4,3,199.78,197.4
2025-11-17,,红宝丽,101,41,化工,4,1,5.23,-0.08
2025-11-18,,红宝丽,91,44,化工,4,1,5.23,-0.08
2026-02-04,,红宝丽,9,新进,化工,26,26,174.07,174.07
2026-02-05,,红宝丽,11,-2,化工,23,-3,114.14,-59.93
2026-02-06,,红宝丽,19,-8,化工,15,-8,93.45,-20.69
2026-02-07,,红宝丽,101,41,化工,4,1,5.23,-0.08
2026-02-08,,红宝丽,91,44,化工,4,1,5.23,-0.08
2026-02-09,,红宝丽,18,1,化工,15,0,20.53,-72.92
2026-02-10,,红宝丽,73,-55,化工,6,-9,18.97,-1.56
2026-02-11,,红宝丽,119,-46,化工,3,-3,6.95,-12.02
2026-02-13,,红宝丽,91,44,化工,4,1,5.23,-0.08
2026-02-05,000523.SZ,红棉股份,88,新进,食品饮料/化工,4,4,12.22,12.22
2025-11-17,300369.SZ,绿盟科技,11,88,AI应用,18,14,132.6,-7.47
2025-11-18,300369.SZ,绿盟科技,12,82,AI应用,18,14,132.6,-7.47
2026-02-11,300369.SZ,绿盟科技,91,新进,AI应用,4,4,21.38,21.38
2026-02-12,300369.SZ,绿盟科技,89,2,AI应用,4,0,140.07,118.69
2026-02-13,300369.SZ,绿盟科技,12,82,AI应用,18,14,132.6,-7.47
2025-11-17,300017.SZ,网宿科技,4,-3,算力基建/液冷/通信,45,-22,2239.65,276.04
2025-11-18,300017.SZ,网宿科技,4,-3,算力基建/液冷/通信,45,-22,2239.65,276.04
2026-02-04,300017.SZ,网宿科技,4,新进,算力基建/液冷/通信,55,55,646.02,646.02
2026-02-05,300017.SZ,网宿科技,3,1,算力基建/液冷/通信,58,3,994.52,348.5
2026-02-06,300017.SZ,网宿科技,3,0,算力基建/液冷/通信,49,-9,1763.42,768.9
2026-02-07,300017.SZ,网宿科技,4,-3,算力基建/液冷/通信,45,-22,2239.65,276.04
2026-02-08,300017.SZ,网宿科技,4,-3,算力基建/液冷/通信,45,-22,2239.65,276.04
2026-02-09,300017.SZ,网宿科技,1,2,算力基建/液冷/通信,64,15,1273.87,-489.55
2026-02-10,300017.SZ,网宿科技,2,-1,算力基建/液冷/通信,60,-4,1786.49,512.62
2026-02-11,300017.SZ,网宿科技,2,0,算力基建/液冷/通信,59,-1,1346.58,-439.91
2026-02-12,300017.SZ,网宿科技,1,1,算力基建/液冷/通信,67,8,1963.61,617.03
2026-02-13,300017.SZ,网宿科技,4,-3,算力基建/液冷/通信,45,-22,2239.65,276.04
2025-11-17,300757.SZ,罗博特科,92,-7,光模块,4,0,71.14,-65.54
2025-11-18,300757.SZ,罗博特科,94,10,光模块,4,0,71.14,-65.54
2026-02-05,300757.SZ,罗博特科,52,113,光模块,6,3,202.78,39.14
2026-02-06,300757.SZ,罗博特科,63,-4,光模块,6,0,207.48,4.7
2026-02-07,300757.SZ,罗博特科,92,-7,光模块,4,0,71.14,-65.54
2026-02-08,300757.SZ,罗博特科,94,10,光模块,4,0,71.14,-65.54
2026-02-11,300757.SZ,罗博特科,59,69,光模块,6,3,72.54,19.63
2026-02-12,300757.SZ,罗博特科,92,-33,光模块,4,-2,136.68,64.14
2026-02-13,300757.SZ,罗博特科,94,10,光模块,4,0,71.14,-65.54
2025-11-17,000815.SZ,美利云,82,-64,算力基建/光伏,5,-12,27.13,-704.68
2025-11-18,000815.SZ,美利云,77,-60,算力基建/光伏,5,-12,27.13,-704.68
2026-02-12,000815.SZ,美利云,17,207,算力基建/光伏,17,15,731.81,718.28
2026-02-13,000815.SZ,美利云,77,-60,算力基建/光伏,5,-12,27.13,-704.68
2025-11-17,002575.SZ,群兴玩具,88,-21,文化传媒/AI应用,4,-1,22.34,-1.89
2025-11-18,002575.SZ,群兴玩具,96,-15,文化传媒/AI应用,4,-1,22.34,-1.89
2026-02-06,002575.SZ,群兴玩具,109,495,文化传媒/AI应用,4,3,57.46,37.31
2026-02-07,002575.SZ,群兴玩具,88,-21,文化传媒/AI应用,4,-1,22.34,-1.89
2026-02-08,002575.SZ,群兴玩具,96,-15,文化传媒/AI应用,4,-1,22.34,-1.89
2026-02-11,002575.SZ,群兴玩具,92,148,文化传媒/AI应用,4,2,41.73,19.32
2026-02-12,002575.SZ,群兴玩具,72,20,文化传媒/AI应用,5,1,24.23,-17.5
2026-02-13,002575.SZ,群兴玩具,96,-15,文化传媒/AI应用,4,-1,22.34,-1.89
2026-02-05,301205.SZ,联特科技,116,51,光模块,3,0,51.34,-1.73
2026-02-04,300476.SZ,胜宏科技,97,新进,PCB/光模块,4,4,146.19,146.19
2026-02-09,300476.SZ,胜宏科技,110,49,PCB/光模块,4,1,170.96,-61.07
2026-02-10,300476.SZ,胜宏科技,120,-16,PCB/光模块,3,-1,64.44,-106.52
2026-02-04,001331.SZ,胜通能源,87,新进,油气能源,5,5,55.5,55.5
2026-02-05,001331.SZ,胜通能源,56,18,油气能源,6,1,11.83,-43.67
2026-02-06,001331.SZ,胜通能源,105,-43,油气能源,4,-2,23.55,11.72
2026-02-09,001331.SZ,胜通能源,107,0,油气能源,4,0,61.75,38.2
2026-02-10,001331.SZ,胜通能源,111,2,油气能源,4,0,74.51,12.76
2026-02-05,301486.SZ,致尚科技,113,148,光模块/消费电子,4,2,231.77,220.76
2026-02-06,301486.SZ,致尚科技,40,60,光模块/消费电子,8,4,45.08,-186.69
2025-11-18,600893.SH,航发动力,114,新进,军工,3,3,20.02,20.02
2025-11-22,600893.SH,航发动力,114,新进,军工,3,3,20.02,20.02
2025-11-17,000738.SZ,航发控制,50,新进,军工,7,7,61.25,61.25
2025-11-18,000738.SZ,航发控制,51,新进,军工,7,7,61.25,61.25
2026-02-05,000738.SZ,航发控制,68,68,军工,5,2,126.24,21.21
2026-02-07,000738.SZ,航发控制,50,新进,军工,7,7,61.25,61.25
2026-02-08,000738.SZ,航发控制,51,新进,军工,7,7,61.25,61.25
2026-02-05,600391.SH,航发科技,54,386,军工,6,5,78.14,70.19
2025-11-17,600343.SH,航天动力,103,24,商业航天/军工,4,1,82.34,21.7
2025-11-18,600343.SH,航天动力,93,29,商业航天/军工,4,1,82.34,21.7
2026-02-06,600343.SH,航天动力,90,43,商业航天/军工,4,1,88.53,-3.86
2026-02-07,600343.SH,航天动力,103,24,商业航天/军工,4,1,82.34,21.7
2026-02-08,600343.SH,航天动力,93,29,商业航天/军工,4,1,82.34,21.7
2026-02-09,600343.SH,航天动力,54,41,商业航天/军工,8,4,271.53,183.0
2026-02-10,600343.SH,航天动力,60,-6,商业航天/军工,7,-1,103.98,-167.55
2026-02-11,600343.SH,航天动力,57,3,商业航天/军工,6,-1,81.34,-22.64
2026-02-12,600343.SH,航天动力,113,-56,商业航天/军工,3,-3,60.64,-20.7
2026-02-13,600343.SH,航天动力,93,29,商业航天/军工,4,1,82.34,21.7
2025-11-17,000547.SZ,航天发展,12,0,商业航天/军工,18,-3,251.55,46.65
2025-11-18,000547.SZ,航天发展,11,1,商业航天/军工,18,-3,251.55,46.65
2026-02-04,000547.SZ,航天发展,1,新进,商业航天/军工,91,91,1906.95,1906.95
2026-02-05,000547.SZ,航天发展,1,0,商业航天/军工,86,-5,1452.79,-454.16
2026-02-06,000547.SZ,航天发展,4,-3,商业航天/军工,48,-38,328.38,-1124.41
2026-02-07,000547.SZ,航天发展,12,0,商业航天/军工,18,-3,251.55,46.65
2026-02-08,000547.SZ,航天发展,11,1,商业航天/军工,18,-3,251.55,46.65
2026-02-09,000547.SZ,航天发展,8,-4,商业航天/军工,34,-14,922.29,593.91
2026-02-10,000547.SZ,航天发展,12,-5,商业航天/军工,22,-12,385.22,-537.07
2026-02-11,000547.SZ,航天发展,12,0,商业航天/军工,21,-1,215.6,-169.62
2026-02-12,000547.SZ,航天发展,11,1,商业航天/军工,21,0,204.9,-10.7
2026-02-13,000547.SZ,航天发展,11,1,商业航天/军工,18,-3,251.55,46.65
2025-11-17,603698.SH,航天工程,115,20,商业航天/化工,3,0,11.11,-0.37
2025-11-19,603698.SH,航天工程,115,20,商业航天/化工,3,0,11.11,-0.37
2026-02-05,603698.SH,航天工程,87,153,商业航天/化工,4,2,35.66,25.44
2026-02-06,603698.SH,航天工程,44,54,商业航天/化工,7,3,156.06,120.4
2026-02-07,603698.SH,航天工程,115,20,商业航天/化工,3,0,11.11,-0.37
2026-02-09,603698.SH,航天工程,71,-26,商业航天/化工,6,-1,79.34,-76.72
2026-02-11,603698.SH,航天工程,64,137,商业航天/化工,6,4,122.19,116.88
2026-02-12,603698.SH,航天工程,119,-55,商业航天/化工,3,-3,11.48,-110.71
2025-11-17,600879.SH,航天电子,63,10,商业航天/军工,6,1,38.58,13.88
2025-11-18,600879.SH,航天电子,67,4,商业航天/军工,6,1,38.58,13.88
2026-02-04,600879.SH,航天电子,33,新进,商业航天/军工,12,12,200.05,200.05
2026-02-05,600879.SH,航天电子,36,-3,商业航天/军工,9,-3,38.08,-161.97
2026-02-06,600879.SH,航天电子,35,0,商业航天/军工,10,1,261.07,222.99
2026-02-07,600879.SH,航天电子,63,10,商业航天/军工,6,1,38.58,13.88
2026-02-08,600879.SH,航天电子,67,4,商业航天/军工,6,1,38.58,13.88
2026-02-09,600879.SH,航天电子,39,-6,商业航天/军工,10,0,268.14,7.07
2026-02-10,600879.SH,航天电子,41,-3,商业航天/军工,9,-1,259.43,-8.71
2026-02-11,600879.SH,航天电子,66,-25,商业航天/军工,6,-3,52.53,-206.9
2026-02-12,600879.SH,航天电子,70,-4,商业航天/军工,5,-1,24.7,-27.83
2026-02-13,600879.SH,航天电子,67,4,商业航天/军工,6,1,38.58,13.88
2025-11-17,000818.SZ,航锦科技,72,-13,芯片/军工/化工,6,0,91.62,-365.64
2025-11-18,000818.SZ,航锦科技,64,0,芯片/军工/化工,6,0,91.62,-365.64
2026-02-11,000818.SZ,航锦科技,96,新进,芯片/军工/化工,4,4,313.64,313.64
2026-02-12,000818.SZ,航锦科技,60,36,芯片/军工/化工,6,2,457.26,143.62
2026-02-13,000818.SZ,航锦科技,64,0,芯片/军工/化工,6,0,91.62,-365.64
2025-11-17,002837.SZ,英维克,17,-9,液冷,14,-10,674.32,-331.53
2025-11-18,002837.SZ,英维克,17,-9,液冷,14,-10,674.32,-331.53
2026-02-04,002837.SZ,英维克,49,新进,液冷,9,9,896.19,896.19
2026-02-05,002837.SZ,英维克,61,-12,液冷,6,-3,815.21,-80.98
2026-02-06,002837.SZ,英维克,85,-31,液冷,4,-2,719.77,-95.44
2026-02-07,002837.SZ,英维克,17,-9,液冷,14,-10,674.32,-331.53
2026-02-08,002837.SZ,英维克,17,-9,液冷,14,-10,674.32,-331.53
2026-02-09,002837.SZ,英维克,94,-8,液冷,5,1,666.52,-53.25
2026-02-12,002837.SZ,英维克,9,144,液冷,24,21,1005.85,526.26
2026-02-13,002837.SZ,英维克,17,-9,液冷,14,-10,674.32,-331.53
2026-02-11,301231.SZ,荣信文化,14,新进,AI应用/文化传媒,16,16,218.95,218.95
2026-02-12,301231.SZ,荣信文化,49,-35,AI应用/文化传媒,7,-9,84.26,-134.69
2025-11-17,300058.SZ,蓝色光标,16,-5,AI应用,14,-7,179.17,-68.99
2025-11-18,300058.SZ,蓝色光标,16,-5,AI应用,14,-7,179.17,-68.99
2026-02-04,300058.SZ,蓝色光标,6,新进,AI应用,32,32,367.95,367.95
2026-02-05,300058.SZ,蓝色光标,7,-1,AI应用,32,0,503.29,135.34
2026-02-06,300058.SZ,蓝色光标,14,-7,AI应用,18,-14,291.01,-212.28
2026-02-07,300058.SZ,蓝色光标,16,-5,AI应用,14,-7,179.17,-68.99
2026-02-08,300058.SZ,蓝色光标,16,-5,AI应用,14,-7,179.17,-68.99
2026-02-09,300058.SZ,蓝色光标,7,8,AI应用,34,16,662.61,371.6
2026-02-10,300058.SZ,蓝色光标,9,-1,AI应用,26,-8,441.89,-220.72
2026-02-11,300058.SZ,蓝色光标,23,-14,AI应用,12,-14,202.08,-239.81
2026-02-12,300058.SZ,蓝色光标,12,11,AI应用,21,9,248.16,46.08
2026-02-13,300058.SZ,蓝色光标,16,-5,AI应用,14,-7,179.17,-68.99
2025-11-17,002149.SZ,西部材料,39,-15,商业航天/军工/新材料,9,-4,468.84,-40.66
2025-11-18,002149.SZ,西部材料,40,-16,商业航天/军工/新材料,9,-4,468.84,-40.66
2026-02-04,002149.SZ,西部材料,14,新进,商业航天/军工/新材料,22,22,234.73,234.73
2026-02-05,002149.SZ,西部材料,13,1,商业航天/军工/新材料,20,-2,253.77,19.04
2026-02-06,002149.SZ,西部材料,10,3,商业航天/军工/新材料,24,4,386.03,132.26
2026-02-07,002149.SZ,西部材料,39,-15,商业航天/军工/新材料,9,-4,468.84,-40.66
2026-02-08,002149.SZ,西部材料,40,-16,商业航天/军工/新材料,9,-4,468.84,-40.66
2026-02-09,002149.SZ,西部材料,13,-3,商业航天/军工/新材料,19,-5,548.97,162.94
2026-02-10,002149.SZ,西部材料,21,-8,商业航天/军工/新材料,15,-4,362.94,-186.03
2026-02-11,002149.SZ,西部材料,29,-8,商业航天/军工/新材料,11,-4,356.0,-6.94
2026-02-12,002149.SZ,西部材料,24,5,商业航天/军工/新材料,13,2,509.5,153.5
2026-02-13,002149.SZ,西部材料,40,-16,商业航天/军工/新材料,9,-4,468.84,-40.66
2025-11-17,000681.SZ,视觉中国,58,23,AI应用/文化传媒,7,2,38.38,13.9
2025-11-18,000681.SZ,视觉中国,52,23,AI应用/文化传媒,7,2,38.38,13.9
2026-02-09,000681.SZ,视觉中国,59,新进,AI应用/文化传媒,7,7,46.01,46.01
2026-02-10,000681.SZ,视觉中国,18,43,AI应用/文化传媒,16,9,255.2,209.19
2026-02-11,000681.SZ,视觉中国,33,-15,AI应用/文化传媒,10,-6,45.07,-210.13
2026-02-12,000681.SZ,视觉中国,84,-51,AI应用/文化传媒,5,-5,24.48,-20.59
2026-02-13,000681.SZ,视觉中国,52,23,AI应用/文化传媒,7,2,38.38,13.9
2025-11-17,301025.SZ,读客文化,96,-59,文化传媒/AI 应用,4,-5,33.43,-95.46
2025-11-18,301025.SZ,读客文化,103,-69,文化传媒/AI 应用,4,-5,33.43,-95.46
2026-02-10,301025.SZ,读客文化,69,444,文化传媒/AI 应用,6,5,73.26,70.94
2026-02-11,301025.SZ,读客文化,41,28,文化传媒/AI 应用,8,2,103.82,30.56
2026-02-12,301025.SZ,读客文化,38,3,文化传媒/AI 应用,9,1,128.89,25.07
2026-02-13,301025.SZ,读客文化,103,-69,文化传媒/AI 应用,4,-5,33.43,-95.46
2026-02-04,603212.SH,赛伍技术,103,新进,光伏/芯片/商业航天,4,4,4.22,4.22
2026-02-04,300456.SZ,赛微电子,66,新进,光模块/芯片/半导体设备,6,6,94.46,94.46
2026-02-05,300456.SZ,赛微电子,102,-33,光模块/芯片/半导体设备,4,-2,37.83,-56.63
2026-02-09,300456.SZ,赛微电子,77,175,光模块/芯片/半导体设备,6,4,145.51,113.37
2026-02-10,300456.SZ,赛微电子,88,-17,光模块/芯片/半导体设备,5,-1,42.5,-103.01
2026-02-04,300377.SZ,赢时胜,115,新进,金融概念,4,4,17.59,17.59
2026-02-05,300377.SZ,赢时胜,43,82,金融概念,8,4,59.25,41.66
2025-11-17,301005.SZ,超捷股份,27,1,商业航天/汽车零部件/军工,12,1,85.05,-6.5
2025-11-18,301005.SZ,超捷股份,26,3,商业航天/汽车零部件/军工,12,1,85.05,-6.5
2026-02-04,301005.SZ,超捷股份,82,新进,商业航天/汽车零部件/军工,5,5,96.89,96.89
2026-02-05,301005.SZ,超捷股份,81,5,商业航天/汽车零部件/军工,5,0,101.43,4.54
2026-02-06,301005.SZ,超捷股份,52,13,商业航天/汽车零部件/军工,7,2,87.99,-13.44
2026-02-07,301005.SZ,超捷股份,27,1,商业航天/汽车零部件/军工,12,1,85.05,-6.5
2026-02-08,301005.SZ,超捷股份,26,3,商业航天/汽车零部件/军工,12,1,85.05,-6.5
2026-02-09,301005.SZ,超捷股份,42,9,商业航天/汽车零部件/军工,9,2,70.3,-17.69
2026-02-10,301005.SZ,超捷股份,27,18,商业航天/汽车零部件/军工,12,3,190.97,120.67
2026-02-11,301005.SZ,超捷股份,22,5,商业航天/汽车零部件/军工,12,0,561.32,370.35
2026-02-12,301005.SZ,超捷股份,29,-7,商业航天/汽车零部件/军工,11,-1,91.55,-469.77
2026-02-13,301005.SZ,超捷股份,26,3,商业航天/汽车零部件/军工,12,1,85.05,-6.5
2026-02-04,300751.SZ,迈为股份,35,新进,光伏/芯片,11,11,239.87,239.87
2026-02-05,300751.SZ,迈为股份,67,-31,光伏/芯片,5,-6,200.06,-39.81
2026-02-06,300751.SZ,迈为股份,42,33,光伏/芯片,8,3,229.64,29.58
2026-02-09,300751.SZ,迈为股份,91,-49,光伏/芯片,5,-3,170.28,-59.36
2026-02-12,300751.SZ,迈为股份,111,43,光伏/芯片,3,0,108.62,-10.74
2025-11-18,300244.SZ,迪安诊断,113,20,AI应用/医药,3,0,95.52,-3.98
2025-11-22,300244.SZ,迪安诊断,113,20,AI应用/医药,3,0,95.52,-3.98
2026-02-04,300244.SZ,迪安诊断,108,新进,AI应用/医药,4,4,107.8,107.8
2026-02-08,300244.SZ,迪安诊断,113,20,AI应用/医药,3,0,95.52,-3.98
2026-02-13,300244.SZ,迪安诊断,113,20,AI应用/医药,3,0,95.52,-3.98
2026-02-06,300265.SZ,通光线缆,57,新进,商业航天/电气设备,6,6,122.42,122.42
2026-02-10,300265.SZ,通光线缆,100,17,商业航天/电气设备,4,0,31.77,7.56
2025-11-17,002792.SZ,通宇通讯,85,24,商业航天/智能驾驶,5,1,23.52,3.36
2025-11-18,002792.SZ,通宇通讯,80,20,商业航天/智能驾驶,5,1,23.52,3.36
2026-02-04,002792.SZ,通宇通讯,20,新进,商业航天/智能驾驶,17,17,828.07,828.07
2026-02-05,002792.SZ,通宇通讯,16,5,商业航天/智能驾驶,16,-1,721.08,-106.99
2026-02-06,002792.SZ,通宇通讯,25,-9,商业航天/智能驾驶,13,-3,731.51,10.43
2026-02-07,002792.SZ,通宇通讯,85,24,商业航天/智能驾驶,5,1,23.52,3.36
2026-02-08,002792.SZ,通宇通讯,80,20,商业航天/智能驾驶,5,1,23.52,3.36
2026-02-09,002792.SZ,通宇通讯,65,-40,商业航天/智能驾驶,6,-7,54.76,-676.75
2026-02-10,002792.SZ,通宇通讯,64,19,商业航天/智能驾驶,7,1,77.67,22.91
2026-02-11,002792.SZ,通宇通讯,93,-29,商业航天/智能驾驶,4,-3,63.45,-14.22
2026-02-12,002792.SZ,通宇通讯,86,7,商业航天/智能驾驶,4,0,20.16,-43.29
2026-02-13,002792.SZ,通宇通讯,80,20,商业航天/智能驾驶,5,1,23.52,3.36
2025-11-17,002156.SZ,通富微电,99,370,芯片,4,3,168.33,113.94
2025-11-18,002156.SZ,通富微电,89,294,芯片,4,3,168.33,113.94
2026-02-05,002156.SZ,通富微电,120,39,芯片,3,0,88.28,2.43
2026-02-07,002156.SZ,通富微电,99,370,芯片,4,3,168.33,113.94
2026-02-08,002156.SZ,通富微电,89,294,芯片,4,3,168.33,113.94
2026-02-10,002156.SZ,通富微电,108,69,芯片,4,1,84.77,19.81
2026-02-11,002156.SZ,通富微电,113,-5,芯片,3,-1,83.11,-1.66
2026-02-13,002156.SZ,通富微电,89,294,芯片,4,3,168.33,113.94
2026-02-06,300164.SZ,通源石油,113,139,油气能源,4,2,5.93,-28.63
2026-02-04,002491.SZ,通鼎互联,17,新进,光模块/固态电池/通信,21,21,97.32,97.32
2026-02-05,002491.SZ,通鼎互联,34,-19,光模块/固态电池/通信,10,-11,47.2,-50.12
2026-02-06,002491.SZ,通鼎互联,45,-14,光模块/固态电池/通信,7,-3,20.38,-26.82
2026-02-09,002491.SZ,通鼎互联,83,-34,光模块/固态电池/通信,6,-1,162.42,142.04
2026-02-10,002491.SZ,通鼎互联,55,14,光模块/固态电池/通信,7,1,196.9,34.48
2026-02-11,002491.SZ,通鼎互联,101,-46,光模块/固态电池/通信,4,-3,12.17,-184.73
2026-02-05,002291.SZ,遥望科技,30,146,文化传媒/AI应用,11,9,169.45,58.97
2026-02-06,002291.SZ,遥望科技,88,-58,文化传媒/AI应用,4,-7,133.48,-35.97
2026-02-09,002291.SZ,遥望科技,109,-5,文化传媒/AI应用,4,0,22.17,-111.31
2026-02-11,603968.SH,醋化股份,110,新进,,3,3,14.11,14.11
2025-11-17,600821.SH,金开新能,107,新进,,3,3,48.98,48.98
2025-11-18,600821.SH,金开新能,120,新进,,3,3,48.98,48.98
2025-11-17,002951.SZ,金时科技,31,182,包装/储能,10,8,142.8,118.89
2025-11-18,002951.SZ,金时科技,31,156,包装/储能,10,8,142.8,118.89
2025-11-17,300830.SZ,金现代,78,256,AI应用/国产软件,5,4,346.46,345.34
2025-11-18,300830.SZ,金现代,82,497,AI应用/国产软件,5,4,346.46,345.34
2026-02-04,603396.SH,金辰股份,96,新进,光伏/机器人,4,4,6.96,6.96
2025-11-18,002202.SZ,金风科技,108,-36,风电/商业航天,3,-2,34.36,-2.83
2025-11-22,002202.SZ,金风科技,108,-36,风电/商业航天,3,-2,34.36,-2.83
2026-02-04,002202.SZ,金风科技,45,新进,风电/商业航天,9,9,100.94,100.94
2026-02-05,002202.SZ,金风科技,48,-3,风电/商业航天,7,-2,80.17,-20.77
2026-02-06,002202.SZ,金风科技,71,-25,风电/商业航天,5,-2,35.97,-44.2
2026-02-08,002202.SZ,金风科技,108,-36,风电/商业航天,3,-2,34.36,-2.83
2026-02-09,002202.SZ,金风科技,63,11,风电/商业航天,7,2,83.8,47.83
2026-02-10,002202.SZ,金风科技,87,-27,风电/商业航天,5,-2,87.02,3.22
2026-02-11,002202.SZ,金风科技,70,17,风电/商业航天,5,0,86.06,-0.96
2026-02-12,002202.SZ,金风科技,67,3,风电/商业航天,5,0,37.19,-48.87
2026-02-13,002202.SZ,金风科技,108,-36,风电/商业航天,3,-2,34.36,-2.83
2026-02-12,301317.SZ,鑫磊股份,96,新进,,4,4,160.45,160.45
2026-02-04,002865.SZ,钧达股份,34,新进,光伏/商业航天,11,11,80.01,80.01
2026-02-05,002865.SZ,钧达股份,31,3,光伏/商业航天,10,-1,47.33,-32.68
2026-02-06,002865.SZ,钧达股份,67,-35,光伏/商业航天,6,-4,116.42,69.09
2026-02-12,301217.SZ,铜冠铜箔,63,新进,PCB/锂电池,6,6,63.2,63.2
2026-02-06,002519.SZ,银河电子,48,新进,机器人/商业航天/军工,7,7,189.93,189.93
2026-02-09,002519.SZ,银河电子,114,-62,机器人/商业航天/军工,4,-3,112.78,-77.15
2026-02-10,002519.SZ,银河电子,70,46,机器人/商业航天/军工,6,2,46.17,-66.61
2026-02-11,002519.SZ,银河电子,90,-20,机器人/商业航天/军工,4,-2,69.56,23.39
2026-02-04,002126.SZ,银轮股份,99,新进,汽车零部件/液冷/机器人,4,4,13.39,13.39
2026-02-12,002126.SZ,银轮股份,107,138,汽车零部件/液冷/机器人,4,2,8.74,5.06
2025-11-17,002931.SZ,锋龙股份,21,5,汽车零部件/机器人,13,1,580.45,57.01
2025-11-18,002931.SZ,锋龙股份,21,4,汽车零部件/机器人,13,1,580.45,57.01
2026-02-04,002931.SZ,锋龙股份,11,新进,汽车零部件/机器人,26,26,1466.41,1466.41
2026-02-05,002931.SZ,锋龙股份,12,-1,汽车零部件/机器人,21,-5,1883.89,417.48
2026-02-06,002931.SZ,锋龙股份,15,-3,汽车零部件/机器人,18,-3,1051.64,-832.25
2026-02-07,002931.SZ,锋龙股份,21,5,汽车零部件/机器人,13,1,580.45,57.01
2026-02-08,002931.SZ,锋龙股份,21,4,汽车零部件/机器人,13,1,580.45,57.01
2026-02-09,002931.SZ,锋龙股份,9,4,汽车零部件/机器人,27,9,1325.25,273.61
2026-02-10,002931.SZ,锋龙股份,11,-2,汽车零部件/机器人,23,-4,1020.76,-304.49
2026-02-11,002931.SZ,锋龙股份,11,0,汽车零部件/机器人,21,-2,1098.2,77.44
2026-02-12,002931.SZ,锋龙股份,26,-15,汽车零部件/机器人,12,-9,523.44,-574.76
2026-02-13,002931.SZ,锋龙股份,21,4,汽车零部件/机器人,13,1,580.45,57.01
2026-02-09,300798.SZ,锦鸡股份,93,48,化工,5,2,32.18,17.79
2026-02-04,300604.SZ,长川科技,111,新进,半导体设备,4,4,19.45,19.45
2026-02-06,600345.SH,长江通信,69,新进,商业航天/智能驾驶,5,5,171.2,171.2
2026-02-10,600345.SH,长江通信,114,53,商业航天/智能驾驶,4,1,17.95,-55.47
2026-02-11,300196.SZ,长海股份,112,新进,,3,3,30.9,30.9
2025-11-17,300115.SZ,长盈精密,104,36,机器人/消费电子,3,0,592.85,2.07
2025-11-18,300115.SZ,长盈精密,104,22,机器人/消费电子,3,0,592.85,2.07
2026-02-04,300115.SZ,长盈精密,101,新进,机器人/消费电子,4,4,591.55,591.55
2026-02-05,300115.SZ,长盈精密,92,20,机器人/消费电子,4,0,620.31,28.76
2026-02-06,300115.SZ,长盈精密,104,4,机器人/消费电子,4,0,625.36,5.05
2026-02-07,300115.SZ,长盈精密,104,36,机器人/消费电子,3,0,592.85,2.07
2026-02-08,300115.SZ,长盈精密,104,22,机器人/消费电子,3,0,592.85,2.07
2026-02-11,300115.SZ,长盈精密,117,35,机器人/消费电子,3,0,577.82,-21.84
2026-02-13,300115.SZ,长盈精密,104,22,机器人/消费电子,3,0,592.85,2.07
2025-11-17,300548.SZ,长芯博创,42,2,光模块/商业航天,8,0,173.74,-21.98
2025-11-18,300548.SZ,长芯博创,42,-2,光模块/商业航天,8,0,173.74,-21.98
2026-02-04,300548.SZ,长芯博创,85,新进,光模块/商业航天,5,5,262.41,262.41
2026-02-05,300548.SZ,长芯博创,80,9,光模块/商业航天,5,0,172.1,-90.31
2026-02-06,300548.SZ,长芯博创,62,5,光模块/商业航天,6,1,195.21,23.11
2026-02-07,300548.SZ,长芯博创,42,2,光模块/商业航天,8,0,173.74,-21.98
2026-02-08,300548.SZ,长芯博创,42,-2,光模块/商业航天,8,0,173.74,-21.98
2026-02-09,300548.SZ,长芯博创,102,-36,光模块/商业航天,4,-2,158.29,-36.92
2026-02-10,300548.SZ,长芯博创,103,2,光模块/商业航天,4,0,153.52,-4.77
2026-02-11,300548.SZ,长芯博创,106,-3,光模块/商业航天,4,0,145.52,-8.0
2026-02-12,300548.SZ,长芯博创,39,67,光模块/商业航天,8,4,195.72,50.2
2026-02-13,300548.SZ,长芯博创,42,-2,光模块/商业航天,8,0,173.74,-21.98
2025-11-17,601869.SH,长飞光纤,69,6,通信,6,1,155.76,-5.41
2025-11-18,601869.SH,长飞光纤,62,8,通信,6,1,155.76,-5.41
2026-02-04,601869.SH,长飞光纤,48,新进,通信,9,9,220.39,220.39
2026-02-05,601869.SH,长飞光纤,41,7,通信,8,-1,134.26,-86.13
2026-02-06,601869.SH,长飞光纤,54,-11,通信,7,-1,125.84,-8.42
2026-02-07,601869.SH,长飞光纤,69,6,通信,6,1,155.76,-5.41
2026-02-08,601869.SH,长飞光纤,62,8,通信,6,1,155.76,-5.41
2026-02-09,601869.SH,长飞光纤,50,5,通信,8,1,155.71,29.87
2026-02-10,601869.SH,长飞光纤,96,-43,通信,5,-3,190.34,34.63
2026-02-12,601869.SH,长飞光纤,69,70,通信,5,2,161.17,12.74
2026-02-13,601869.SH,长飞光纤,62,8,通信,6,1,155.76,-5.41
2025-11-17,002440.SZ,闰土股份,52,0,化工,7,0,36.69,21.14
2025-11-18,002440.SZ,闰土股份,53,-5,化工,7,0,36.69,21.14
2026-02-06,002440.SZ,闰土股份,49,新进,化工,7,7,23.78,23.78
2026-02-07,002440.SZ,闰土股份,52,0,化工,7,0,36.69,21.14
2026-02-08,002440.SZ,闰土股份,53,-5,化工,7,0,36.69,21.14
2026-02-09,002440.SZ,闰土股份,89,-41,化工,5,-2,10.03,-13.75
2026-02-10,002440.SZ,闰土股份,54,33,化工,7,2,58.14,48.11
2026-02-11,002440.SZ,闰土股份,32,22,化工,10,3,50.16,-7.98
2026-02-12,002440.SZ,闰土股份,47,-15,化工,7,-3,15.55,-34.61
2026-02-13,002440.SZ,闰土股份,53,-5,化工,7,0,36.69,21.14
2026-02-04,300274.SZ,阳光电源,116,新进,光伏/储能,4,4,33.5,33.5
2026-02-09,300274.SZ,阳光电源,103,36,光伏/储能,4,1,27.6,1.59
2026-02-10,300274.SZ,阳光电源,77,29,光伏/储能,5,1,29.56,1.96
2026-02-11,300274.SZ,阳光电源,111,-34,光伏/储能,3,-2,21.3,-8.26
2026-02-12,300274.SZ,阳光电源,115,-4,光伏/储能,3,0,21.91,0.61
2026-02-05,601015.SH,陕西黑猫,114,新进,油气能源,4,4,123.08,123.08
2026-02-06,601015.SH,陕西黑猫,43,53,油气能源,8,4,31.13,-91.95
2026-02-09,601015.SH,陕西黑猫,90,-49,油气能源,5,-3,17.85,-13.28
2026-02-09,300263.SZ,隆华科技,105,477,新材料/军工/半导体设备,4,3,19.05,14.95
2026-02-09,601012.SH,隆基绿能,76,新进,光伏,6,6,37.98,37.98
2026-02-11,601012.SH,隆基绿能,114,28,光伏,3,0,47.03,0.38
2025-11-17,002323.SZ,雅博股份,47,-12,光伏/基础建设,8,-1,13.54,-20.93
2025-11-18,002323.SZ,雅博股份,46,-9,光伏/基础建设,8,-1,13.54,-20.93
2026-02-10,002323.SZ,雅博股份,67,新进,光伏/基础建设,6,6,138.15,138.15
2026-02-11,002323.SZ,雅博股份,46,21,光伏/基础建设,7,1,186.22,48.07
2026-02-12,002323.SZ,雅博股份,36,10,光伏/基础建设,9,2,34.47,-151.75
2026-02-13,002323.SZ,雅博股份,46,-9,光伏/基础建设,8,-1,13.54,-20.93
2026-02-11,002639.SZ,雪人集团,76,112,核聚变/氢能源,4,2,9.88,7.04
2026-02-05,002413.SZ,雷科防务,95,新进,商业航天/军工/存储芯片,4,4,23.44,23.44
2026-02-06,002413.SZ,雷科防务,36,68,商业航天/军工/存储芯片,10,6,115.58,92.14
2026-02-09,002413.SZ,雷科防务,51,-16,商业航天/军工/存储芯片,8,-2,55.43,-60.15
2025-11-17,603616.SH,韩建河山,112,64,基础建设/商业航天,3,1,15.48,6.76
2025-11-18,603616.SH,韩建河山,109,149,基础建设/商业航天,3,1,15.48,6.76
2026-02-06,603616.SH,韩建河山,28,新进,基础建设/商业航天,12,12,284.68,284.68
2026-02-07,603616.SH,韩建河山,112,64,基础建设/商业航天,3,1,15.48,6.76
2026-02-08,603616.SH,韩建河山,109,149,基础建设/商业航天,3,1,15.48,6.76
2026-02-09,603616.SH,韩建河山,26,3,基础建设/商业航天,12,0,73.7,-210.98
2026-02-10,603616.SH,韩建河山,26,6,基础建设/商业航天,12,0,65.02,-8.68
2026-02-11,603616.SH,韩建河山,50,-24,基础建设/商业航天,7,-5,55.85,-9.17
2026-02-13,603616.SH,韩建河山,109,149,基础建设/商业航天,3,1,15.48,6.76
2026-02-12,300749.SZ,顶固集创,103,32,房地产/机器人,4,1,10.44,-15.29
2026-02-04,002565.SZ,顺灏股份,27,新进,商业航天/新材料,14,14,117.75,117.75
2026-02-05,002565.SZ,顺灏股份,47,-20,商业航天/新材料,7,-7,29.48,-88.27
2026-02-06,002565.SZ,顺灏股份,75,-31,商业航天/新材料,5,-2,13.9,-15.58
2026-02-09,002565.SZ,顺灏股份,35,43,商业航天/新材料,11,6,71.2,57.3
2026-02-10,002565.SZ,顺灏股份,95,-59,商业航天/新材料,5,-6,18.69,-52.51
2025-11-17,300113.SZ,顺网科技,74,-18,AI应用/文化传媒/算力基建,5,-2,201.2,67.97
2025-11-18,300113.SZ,顺网科技,76,-23,AI应用/文化传媒/算力基建,5,-2,201.2,67.97
2026-02-04,300113.SZ,顺网科技,62,新进,AI应用/文化传媒/算力基建,6,6,243.94,243.94
2026-02-05,300113.SZ,顺网科技,62,-2,AI应用/文化传媒/算力基建,6,0,199.31,-44.63
2026-02-07,300113.SZ,顺网科技,74,-18,AI应用/文化传媒/算力基建,5,-2,201.2,67.97
2026-02-08,300113.SZ,顺网科技,76,-23,AI应用/文化传媒/算力基建,5,-2,201.2,67.97
2026-02-09,300113.SZ,顺网科技,120,141,AI应用/文化传媒/算力基建,4,2,192.32,12.86
2026-02-10,300113.SZ,顺网科技,56,69,AI应用/文化传媒/算力基建,7,3,142.81,-49.51
2026-02-11,300113.SZ,顺网科技,45,11,AI应用/文化传媒/算力基建,7,0,88.82,-53.99
2026-02-12,300113.SZ,顺网科技,54,-9,AI应用/文化传媒/算力基建,7,0,133.23,44.41
2026-02-13,300113.SZ,顺网科技,76,-23,AI应用/文化传媒/算力基建,5,-2,201.2,67.97
2026-02-04,000533.SZ,顺钠股份,26,新进,电气设备,15,15,73.81,73.81
2026-02-05,000533.SZ,顺钠股份,105,-79,电气设备,4,-11,36.12,-37.69
2026-02-06,000533.SZ,顺钠股份,98,-7,电气设备,4,0,9.0,-27.12
2026-02-09,000533.SZ,顺钠股份,74,41,电气设备,6,2,58.31,49.31
2026-02-12,000533.SZ,顺钠股份,91,379,电气设备,4,3,34.94,34.18
2025-11-17,603466.SH,风语筑,30,23,文化传媒/AI 应用,11,4,53.39,5.07
2025-11-18,603466.SH,风语筑,29,20,文化传媒/AI 应用,11,4,53.39,5.07
2026-02-10,603466.SH,风语筑,59,新进,文化传媒/AI 应用,7,7,49.54,49.54
2026-02-11,603466.SH,风语筑,26,33,文化传媒/AI 应用,12,5,31.15,-18.39
2026-02-12,603466.SH,风语筑,56,-30,文化传媒/AI 应用,7,-5,48.32,17.17
2026-02-13,603466.SH,风语筑,29,20,文化传媒/AI 应用,11,4,53.39,5.07
2026-02-04,301232.SZ,飞沃科技,63,新进,商业航天/风电,6,6,130.2,130.2
2026-02-06,301232.SZ,飞沃科技,100,51,商业航天/风电,4,1,167.5,69.39
2026-02-10,301232.SZ,飞沃科技,48,123,商业航天/风电,8,5,247.08,120.01
2026-02-11,301232.SZ,飞沃科技,55,-7,商业航天/风电,6,-2,425.56,178.48
2026-02-12,002536.SZ,飞龙股份,81,新进,液冷/汽车零部件,5,5,27.22,27.22
2025-11-17,300846.SZ,首都在线,8,7,算力基建,25,7,630.0,520.94
2025-11-18,300846.SZ,首都在线,8,7,算力基建,25,7,630.0,520.94
2026-02-10,300846.SZ,首都在线,118,557,算力基建,4,3,191.68,190.06
2026-02-11,300846.SZ,首都在线,77,41,算力基建,4,0,58.83,-132.85
2026-02-12,300846.SZ,首都在线,15,62,算力基建,18,14,109.06,50.23
2026-02-13,300846.SZ,首都在线,8,7,算力基建,25,7,630.0,520.94
2025-11-17,300475.SZ,香农芯创,98,33,存储芯片,4,1,63.48,-54.4
2025-11-18,300475.SZ,香农芯创,87,36,存储芯片,4,1,63.48,-54.4
2026-02-04,300475.SZ,香农芯创,107,新进,存储芯片,4,4,67.94,67.94
2026-02-07,300475.SZ,香农芯创,98,33,存储芯片,4,1,63.48,-54.4
2026-02-08,300475.SZ,香农芯创,87,36,存储芯片,4,1,63.48,-54.4
2026-02-12,300475.SZ,香农芯创,116,41,存储芯片,3,0,117.88,80.65
2026-02-13,300475.SZ,香农芯创,87,36,存储芯片,4,1,63.48,-54.4
2025-11-17,002851.SZ,麦格米特,89,146,电气设备/机器人/算力基建,4,2,64.28,47.22
2025-11-18,002851.SZ,麦格米特,98,112,电气设备/机器人/算力基建,4,2,64.28,47.22
2026-02-05,002851.SZ,麦格米特,90,10,电气设备/机器人/算力基建,4,0,379.84,6.24
2026-02-07,002851.SZ,麦格米特,89,146,电气设备/机器人/算力基建,4,2,64.28,47.22
2026-02-08,002851.SZ,麦格米特,98,112,电气设备/机器人/算力基建,4,2,64.28,47.22
2026-02-04,600172.SH,黄河旋风,71,新进,新材料/工业母机/芯片,5,5,341.68,341.68
2026-02-06,600172.SH,黄河旋风,118,108,新材料/工业母机/芯片,4,2,223.42,8.03
